entrega_id,data_entrega,hub_origem_id,hub_destino_id,rota_id,modo_transporte,operadora,volume_ton,demanda_unidades,custo_frete_brl,custo_combustivel_brl,custo_pedagio_brl,custo_total_brl,distancia_km,tempo_horas,ocupacao_pct,status_entrega,entregue_no_prazo,cliente_marca
ENT-00001,2026-07-01T05:15:00,HUB-SP-01,HUB-RJ-01,RTA-SP-01-RJ-01-CAM,Caminhão,Atlântica Cargo,36.43,485,3955.2,1385.35,80.02,5420.57,458.9,8.5,77.21,No prazo,true,Rede SuperLeste
ENT-00002,2026-07-01T09:15:00,HUB-DF-01,HUB-BA-01,RTA-DF-01-BA-01-CAM,Caminhão,Atlântica Cargo,54.51,726,4181.81,1750.31,290.33,6222.45,1494.5,25.9,72.18,No prazo,true,Indústria Brisa Alimentos
ENT-00003,2026-07-01T16:15:00,HUB-SP-01,HUB-MG-01,RTA-SP-01-MG-01-CAM,Caminhão,SerraSul Cargas,43.46,615,3312.29,1277.37,87.74,4677.4,573.5,8.8,74.22,No prazo,true,Rede SuperLeste
ENT-00004,2026-07-01T16:15:00,HUB-SP-01,HUB-RJ-01,RTA-SP-01-RJ-01-CAM,Caminhão,Atlântica Cargo,62.3,1036,6709.4,2536.9,84.84,9331.14,480.3,10.9,69.29,Atrasada,false,Rede SuperLeste
ENT-00005,2026-07-01T15:00:00,HUB-SP-02,HUB-AM-01,RTA-SP-02-AM-01-BAR,Barco,RioNorte Express,92.87,1475,7695.53,1592.88,61.48,9349.89,3229.7,113.2,90.84,No prazo,true,Mercado Vale Verde
ENT-00006,2026-07-01T19:15:00,HUB-MG-01,HUB-GO-01,RTA-MG-01-GO-01-CAM,Caminhão,SerraSul Cargas,71.94,1036,6633.41,2721.04,110.02,9464.47,690.6,14.6,70.15,No prazo,true,Indústria Brisa Alimentos
ENT-00007,2026-07-01T09:15:00,HUB-SP-01,HUB-MG-01,RTA-SP-01-MG-01-CAM,Caminhão,SerraSul Cargas,67.91,1034,6369.95,2397.58,133.87,8901.4,620.3,13.9,77.78,Atrasada,false,Rede SuperLeste
ENT-00008,2026-07-02T13:30:00,HUB-MT-01,HUB-SP-02,RTA-MT-01-SP-02-CAM,Caminhão,SerraSul Cargas,43.78,681,4386.58,1892.94,314.92,6594.44,1631.9,25.3,79.02,No prazo,true,Casa Norte Atacado
ENT-00009,2026-07-02T11:15:00,HUB-SP-02,HUB-AM-01,RTA-SP-02-AM-01-BAR,Barco,RioNorte Express,32.89,395,2943.99,706.29,66.2,3716.48,3299.7,186.2,87.9,Atrasada,false,Indústria Brisa Alimentos
ENT-00010,2026-07-02T14:15:00,HUB-RJ-01,HUB-BA-01,RTA-RJ-01-BA-01-CAB,Cabotagem,VerdeMar Shipping,62.26,1037,3804.46,619.66,28.85,4452.97,1231.3,57.4,85.82,Atrasada,false,Casa Norte Atacado
ENT-00011,2026-07-02T21:45:00,HUB-SP-02,HUB-RS-01,RTA-SP-02-RS-01-CAB,Cabotagem,VerdeMar Shipping,64.41,803,4527.22,841.94,19.95,5389.11,1173.0,47.3,66.29,No prazo,true,Mercado Vale Verde
ENT-00012,2026-07-02T12:15:00,HUB-AM-01,HUB-MT-01,RTA-AM-01-MT-01-BAL,Balsa,RioNorte Express,68.6,1107,6104.06,1455.24,46.83,7606.13,2018.9,71.9,59.61,No prazo,true,Casa Norte Atacado
ENT-00013,2026-07-02T20:15:00,HUB-AM-01,HUB-PA-01,RTA-AM-01-PA-01-BAR,Barco,RioNorte Express,66.03,883,4936.54,1039.59,21.96,5998.09,944.8,32.6,80.19,No prazo,true,Construtora Horizonte
ENT-00014,2026-07-02T18:45:00,HUB-SP-01,HUB-MG-01,RTA-SP-01-MG-01-CAM,Caminhão,SerraSul Cargas,80.68,1244,8156.11,2936.93,88.84,11181.88,588.4,10.5,68.34,No prazo,true,Farmácia Sol Nascente
ENT-00015,2026-07-02T10:30:00,HUB-DF-01,HUB-SP-01,RTA-DF-01-SP-01-CAM,Caminhão,Atlântica Cargo,21.63,344,2203.43,921.16,160.93,3285.52,1059.7,14.4,75.0,No prazo,true,Farmácia Sol Nascente
ENT-00016,2026-07-02T12:15:00,HUB-SP-02,HUB-RS-01,RTA-SP-02-RS-01-CAB,Cabotagem,VerdeMar Shipping,91.84,1346,4627.42,957.73,27.26,5612.41,1201.5,43.3,88.41,Parcial,false,Farmácia Sol Nascente
ENT-00017,2026-07-02T20:15:00,HUB-GO-01,HUB-SP-01,RTA-GO-01-SP-01-FER,Ferrovia,SerraSul Cargas,37.17,535,2347.56,317.58,18.47,2683.61,829.2,22.4,68.94,Parcial,false,Mercado Vale Verde
ENT-00018,2026-07-03T06:00:00,HUB-SP-02,HUB-RS-01,RTA-SP-02-RS-01-CAB,Cabotagem,VerdeMar Shipping,25.21,413,1269.98,232.98,23.95,1526.91,1025.4,39.8,80.63,No prazo,true,Mercado Vale Verde
ENT-00019,2026-07-03T15:30:00,HUB-SP-01,HUB-RJ-01,RTA-SP-01-RJ-01-CAM,Caminhão,Atlântica Cargo,22.55,387,2200.69,873.67,63.19,3137.55,430.3,9.2,82.46,No prazo,true,Mercado Vale Verde
ENT-00020,2026-07-03T08:00:00,HUB-BA-01,HUB-PE-01,RTA-BA-01-PE-01-CAM,Caminhão,CostaBrava Log,39.05,530,3422.69,1472.64,168.0,5063.33,794.8,15.7,77.49,No prazo,true,Construtora Horizonte
ENT-00021,2026-07-03T21:00:00,HUB-SP-02,HUB-RS-01,RTA-SP-02-RS-01-CAB,Cabotagem,VerdeMar Shipping,41.13,723,2353.87,398.04,27.34,2779.25,1205.8,48.2,74.44,Parcial,false,Rede SuperLeste
ENT-00022,2026-07-03T11:30:00,HUB-MG-01,HUB-GO-01,RTA-MG-01-GO-01-CAM,Caminhão,SerraSul Cargas,38.06,608,2955.95,1040.99,150.71,4147.65,819.8,11.2,59.14,No prazo,true,Mercado Vale Verde
ENT-00023,2026-07-03T13:15:00,HUB-BA-01,HUB-PE-01,RTA-BA-01-PE-01-CAM,Caminhão,CostaBrava Log,75.15,1129,5614.94,2258.65,166.03,8039.62,815.0,17.0,78.8,No prazo,true,Rede SuperLeste
ENT-00024,2026-07-03T09:45:00,HUB-PR-01,HUB-RS-01,RTA-PR-01-RS-01-FER,Ferrovia,SerraSul Cargas,75.07,1153,4067.16,533.68,10.9,4611.74,669.1,22.1,80.22,No prazo,true,Mercado Vale Verde
ENT-00025,2026-07-03T09:15:00,HUB-SP-01,HUB-RJ-01,RTA-SP-01-RJ-01-CAM,Caminhão,Atlântica Cargo,42.43,746,3834.82,1559.99,92.02,5486.83,479.2,10.3,64.01,Atrasada,false,Mercado Vale Verde
ENT-00026,2026-07-03T13:15:00,HUB-SP-01,HUB-PR-01,RTA-SP-01-PR-01-CAM,Caminhão,Atlântica Cargo,72.32,1250,6262.11,2695.38,76.51,9034.0,379.2,11.9,80.17,Atrasada,false,Rede SuperLeste
ENT-00027,2026-07-04T13:00:00,HUB-PA-01,HUB-CE-01,RTA-PA-01-CE-01-BAL,Balsa,RioNorte Express,20.59,305,1552.73,411.83,35.28,1999.84,1535.9,65.9,80.24,No prazo,true,Indústria Brisa Alimentos
ENT-00028,2026-07-04T13:00:00,HUB-AM-01,HUB-PA-01,RTA-AM-01-PA-01-BAR,Barco,RioNorte Express,59.95,963,3558.31,876.19,19.3,4453.8,1067.0,36.1,91.03,No prazo,true,Casa Norte Atacado
ENT-00029,2026-07-04T11:30:00,HUB-MT-01,HUB-SP-02,RTA-MT-01-SP-02-CAM,Caminhão,SerraSul Cargas,41.16,688,3490.98,1492.23,255.72,5238.93,1621.7,32.3,80.26,No prazo,true,Farmácia Sol Nascente
ENT-00030,2026-07-05T14:15:00,HUB-SP-01,HUB-PR-01,RTA-SP-01-PR-01-CAM,Caminhão,Atlântica Cargo,79.69,1254,8390.44,3273.75,82.87,11747.06,431.6,6.5,73.65,No prazo,true,Mercado Vale Verde
ENT-00031,2026-07-05T15:45:00,HUB-PR-01,HUB-RS-01,RTA-PR-01-RS-01-FER,Ferrovia,SerraSul Cargas,93.16,1496,4388.42,637.1,12.5,5038.02,781.4,19.9,75.81,No prazo,true,Farmácia Sol Nascente
ENT-00032,2026-07-05T15:00:00,HUB-PR-01,HUB-RS-01,RTA-PR-01-RS-01-FER,Ferrovia,SerraSul Cargas,37.17,551,1662.48,214.41,15.72,1892.61,781.2,21.1,87.29,No prazo,true,Mercado Vale Verde
ENT-00033,2026-07-06T20:45:00,HUB-SP-02,HUB-RS-01,RTA-SP-02-RS-01-CAB,Cabotagem,VerdeMar Shipping,36.04,437,2433.97,402.28,20.59,2856.84,1065.9,42.2,73.94,No prazo,true,Mercado Vale Verde
ENT-00034,2026-07-06T19:00:00,HUB-SP-02,HUB-PE-01,RTA-SP-02-PE-01-CAB,Cabotagem,VerdeMar Shipping,73.68,1278,5114.79,878.97,53.9,6047.66,2402.6,86.9,73.69,No prazo,true,Construtora Horizonte
ENT-00035,2026-07-06T21:45:00,HUB-SP-02,HUB-RS-01,RTA-SP-02-RS-01-CAB,Cabotagem,VerdeMar Shipping,86.06,1268,6067.24,1145.47,28.04,7240.75,1188.3,45.1,87.62,No prazo,true,Construtora Horizonte
ENT-00036,2026-07-06T12:30:00,HUB-PR-01,HUB-RS-01,RTA-PR-01-RS-01-FER,Ferrovia,SerraSul Cargas,32.96,565,1874.66,254.4,15.93,2144.99,717.1,20.8,70.18,No prazo,true,Farmácia Sol Nascente
ENT-00037,2026-07-06T19:45:00,HUB-SP-01,HUB-MG-01,RTA-SP-01-MG-01-CAM,Caminhão,SerraSul Cargas,37.14,506,2945.4,1072.04,110.7,4128.14,570.7,9.7,70.11,No prazo,true,Casa Norte Atacado
ENT-00038,2026-07-06T16:30:00,HUB-SP-02,HUB-PE-01,RTA-SP-02-PE-01-CAB,Cabotagem,VerdeMar Shipping,53.07,924,3777.86,742.17,43.44,4563.47,2281.0,81.9,74.84,No prazo,true,Farmácia Sol Nascente
ENT-00039,2026-07-06T17:15:00,HUB-DF-01,HUB-SP-01,RTA-DF-01-SP-01-CAM,Caminhão,Atlântica Cargo,81.88,1188,7996.52,2902.35,172.61,11071.48,1080.2,17.3,68.99,No prazo,true,Farmácia Sol Nascente
ENT-00040,2026-07-06T13:45:00,HUB-AM-01,HUB-MT-01,RTA-AM-01-MT-01-BAL,Balsa,RioNorte Express,83.71,1272,7426.76,1641.59,40.66,9109.01,2092.6,94.0,78.86,Atrasada,false,Indústria Brisa Alimentos
ENT-00041,2026-07-06T16:15:00,HUB-SP-02,HUB-RS-01,RTA-SP-02-RS-01-CAB,Cabotagem,VerdeMar Shipping,45.88,760,3080.98,0.0,18.24,545.0,1095.4,46.3,0.0,Cancelada,false,Rede SuperLeste
ENT-00042,2026-07-07T11:45:00,HUB-RJ-01,HUB-BA-01,RTA-RJ-01-BA-01-CAB,Cabotagem,VerdeMar Shipping,70.92,1171,3831.46,646.97,22.66,4501.09,1331.9,42.0,79.36,No prazo,true,Rede SuperLeste
ENT-00043,2026-07-07T17:45:00,HUB-SP-02,HUB-RS-01,RTA-SP-02-RS-01-CAB,Cabotagem,VerdeMar Shipping,49.12,768,3241.5,549.01,22.63,3813.14,1224.0,45.8,59.78,No prazo,true,Rede SuperLeste
ENT-00044,2026-07-07T06:30:00,HUB-SP-02,HUB-PE-01,RTA-SP-02-PE-01-CAB,Cabotagem,VerdeMar Shipping,66.32,1126,3890.11,749.98,47.83,4687.92,2130.9,112.7,68.18,Atrasada,false,Construtora Horizonte
ENT-00045,2026-07-07T18:15:00,HUB-PR-01,HUB-RS-01,RTA-PR-01-RS-01-FER,Ferrovia,SerraSul Cargas,49.25,740,2785.52,361.26,16.62,3163.4,701.7,21.5,66.87,No prazo,true,Rede SuperLeste
ENT-00046,2026-07-07T12:00:00,HUB-GO-01,HUB-SP-01,RTA-GO-01-SP-01-FER,Ferrovia,SerraSul Cargas,70.82,1111,3763.67,583.0,20.38,4367.05,982.5,25.7,65.28,No prazo,true,Indústria Brisa Alimentos
ENT-00047,2026-07-07T13:00:00,HUB-DF-01,HUB-SP-01,RTA-DF-01-SP-01-CAM,Caminhão,Atlântica Cargo,34.34,507,2689.38,1137.18,165.34,3991.9,1052.5,16.3,74.79,No prazo,true,Construtora Horizonte
ENT-00048,2026-07-07T12:45:00,HUB-SP-01,HUB-PR-01,RTA-SP-01-PR-01-CAM,Caminhão,Atlântica Cargo,23.74,387,2335.82,942.18,74.84,3352.84,417.3,9.6,86.64,Atrasada,false,Rede SuperLeste
ENT-00049,2026-07-08T11:30:00,HUB-SP-02,HUB-AM-01,RTA-SP-02-AM-01-BAR,Barco,RioNorte Express,65.51,972,5458.54,1180.1,68.79,6707.43,3181.2,124.5,77.1,No prazo,true,Casa Norte Atacado
ENT-00050,2026-07-08T08:15:00,HUB-PE-01,HUB-CE-01,RTA-PE-01-CE-01-CAM,Caminhão,CostaBrava Log,81.71,1318,6536.28,2601.51,152.35,9290.14,766.6,15.0,77.79,No prazo,true,Indústria Brisa Alimentos
ENT-00051,2026-07-08T05:30:00,HUB-SP-02,HUB-RS-01,RTA-SP-02-RS-01-CAB,Cabotagem,VerdeMar Shipping,34.53,417,2424.29,453.1,24.37,2901.76,1129.5,39.3,90.71,No prazo,true,Farmácia Sol Nascente
ENT-00052,2026-07-08T06:15:00,HUB-GO-01,HUB-SP-01,RTA-GO-01-SP-01-FER,Ferrovia,SerraSul Cargas,46.95,835,2178.25,279.44,17.22,2474.91,863.7,26.4,90.92,No prazo,true,Mercado Vale Verde
ENT-00053,2026-07-08T18:30:00,HUB-MG-01,HUB-GO-01,RTA-MG-01-GO-01-CAM,Caminhão,SerraSul Cargas,81.59,1020,7126.61,2840.9,135.27,10102.78,717.5,16.5,72.42,Atrasada,false,Construtora Horizonte
ENT-00054,2026-07-08T07:15:00,HUB-MT-01,HUB-SP-02,RTA-MT-01-SP-02-CAM,Caminhão,SerraSul Cargas,58.85,967,5188.66,2100.06,277.43,7566.15,1786.3,24.9,62.31,No prazo,true,Casa Norte Atacado
ENT-00055,2026-07-08T11:45:00,HUB-PA-01,HUB-CE-01,RTA-PA-01-CE-01-BAL,Balsa,RioNorte Express,64.19,951,4718.26,1262.5,24.56,6005.32,1482.4,73.9,78.73,Atrasada,false,Casa Norte Atacado
ENT-00056,2026-07-08T14:45:00,HUB-MT-01,HUB-SP-02,RTA-MT-01-SP-02-CAM,Caminhão,SerraSul Cargas,61.39,1071,5315.28,1973.15,345.85,7634.28,1747.4,23.6,78.02,No prazo,true,Casa Norte Atacado
ENT-00057,2026-07-09T05:30:00,HUB-BA-01,HUB-PE-01,RTA-BA-01-PE-01-CAM,Caminhão,CostaBrava Log,64.88,1145,4908.8,1697.4,150.05,6756.25,856.9,14.9,68.0,No prazo,true,Construtora Horizonte
ENT-00058,2026-07-09T07:45:00,HUB-SP-01,HUB-RJ-01,RTA-SP-01-RJ-01-CAM,Caminhão,Atlântica Cargo,68.67,1017,5794.23,2303.82,85.67,8183.72,451.6,9.1,77.14,No prazo,true,Indústria Brisa Alimentos
ENT-00059,2026-07-09T13:30:00,HUB-PA-01,HUB-CE-01,RTA-PA-01-CE-01-BAL,Balsa,RioNorte Express,39.51,498,3143.65,804.0,29.26,3976.91,1523.5,55.7,78.16,No prazo,true,Casa Norte Atacado
ENT-00060,2026-07-09T20:45:00,HUB-SP-01,HUB-PR-01,RTA-SP-01-PR-01-CAM,Caminhão,Atlântica Cargo,45.08,680,4215.77,1607.3,72.17,5895.24,458.2,7.9,68.54,No prazo,true,Casa Norte Atacado
ENT-00061,2026-07-09T18:00:00,HUB-SP-02,HUB-PE-01,RTA-SP-02-PE-01-CAB,Cabotagem,VerdeMar Shipping,63.02,1107,3440.3,707.98,46.27,4194.55,2216.8,82.0,78.36,No prazo,true,Mercado Vale Verde
ENT-00062,2026-07-09T20:45:00,HUB-SP-01,HUB-PR-01,RTA-SP-01-PR-01-CAM,Caminhão,Atlântica Cargo,79.17,1169,7288.51,2988.85,69.87,10347.23,386.8,8.3,76.27,No prazo,true,Mercado Vale Verde
ENT-00063,2026-07-09T05:30:00,HUB-PR-01,HUB-RS-01,RTA-PR-01-RS-01-FER,Ferrovia,SerraSul Cargas,31.84,418,1404.94,180.46,16.38,1601.78,738.3,26.1,83.0,Atrasada,false,Rede SuperLeste
ENT-00064,2026-07-09T19:30:00,HUB-SP-02,HUB-AM-01,RTA-SP-02-AM-01-BAR,Barco,RioNorte Express,65.92,1186,5118.45,1110.61,64.42,6293.48,3155.6,112.2,71.5,No prazo,true,Mercado Vale Verde
ENT-00065,2026-07-09T09:45:00,HUB-SP-01,HUB-PR-01,RTA-SP-01-PR-01-CAM,Caminhão,Atlântica Cargo,34.0,486,2928.34,1133.07,93.85,4155.26,447.4,10.2,51.27,Atrasada,false,Casa Norte Atacado
ENT-00066,2026-07-09T09:00:00,HUB-SP-01,HUB-MG-01,RTA-SP-01-MG-01-CAM,Caminhão,SerraSul Cargas,82.68,1156,6452.89,2765.01,79.11,9297.01,545.2,10.7,89.24,No prazo,true,Farmácia Sol Nascente
ENT-00067,2026-07-10T07:15:00,HUB-AM-01,HUB-PA-01,RTA-AM-01-PA-01-BAR,Barco,RioNorte Express,74.07,1177,5969.23,1306.67,19.8,7295.7,1068.5,50.1,75.03,Atrasada,false,Rede SuperLeste
ENT-00068,2026-07-10T14:00:00,HUB-BA-01,HUB-PE-01,RTA-BA-01-PE-01-CAM,Caminhão,CostaBrava Log,37.25,497,3624.24,1481.84,119.17,5225.25,788.0,17.4,56.1,No prazo,true,Casa Norte Atacado
ENT-00069,2026-07-10T12:45:00,HUB-AM-01,HUB-PA-01,RTA-AM-01-PA-01-BAR,Barco,RioNorte Express,25.02,354,1730.63,407.56,17.2,2155.39,986.0,34.9,83.6,No prazo,true,Construtora Horizonte
ENT-00070,2026-07-10T19:30:00,HUB-SP-01,HUB-MG-01,RTA-SP-01-MG-01-CAM,Caminhão,SerraSul Cargas,48.9,661,4938.84,2111.92,108.58,7159.34,563.2,8.0,82.0,No prazo,true,Construtora Horizonte
ENT-00071,2026-07-10T14:00:00,HUB-SP-02,HUB-AM-01,RTA-SP-02-AM-01-BAR,Barco,RioNorte Express,94.82,1530,8558.72,2096.32,52.84,10707.88,3135.2,119.0,71.76,No prazo,true,Rede SuperLeste
ENT-00072,2026-07-10T12:30:00,HUB-PA-01,HUB-CE-01,RTA-PA-01-CE-01-BAL,Balsa,RioNorte Express,18.54,318,1694.44,441.76,39.0,2175.2,1721.1,97.8,83.76,Atrasada,false,Mercado Vale Verde
ENT-00073,2026-07-10T16:15:00,HUB-DF-01,HUB-BA-01,RTA-DF-01-BA-01-CAM,Caminhão,Atlântica Cargo,59.6,957,6223.23,2499.77,320.34,9043.34,1532.4,24.7,66.31,No prazo,true,Casa Norte Atacado
ENT-00074,2026-07-10T10:30:00,HUB-AM-01,HUB-MT-01,RTA-AM-01-MT-01-BAL,Balsa,RioNorte Express,39.89,578,3794.24,902.84,36.51,4733.59,1824.3,82.0,71.85,No prazo,true,Farmácia Sol Nascente
ENT-00075,2026-07-10T16:00:00,HUB-SP-01,HUB-PR-01,RTA-SP-01-PR-01-CAM,Caminhão,Atlântica Cargo,37.77,650,2950.96,1220.65,71.0,4242.61,443.1,7.4,64.98,No prazo,true,Farmácia Sol Nascente
ENT-00076,2026-07-11T20:00:00,HUB-SP-02,HUB-AM-01,RTA-SP-02-AM-01-BAR,Barco,RioNorte Express,30.22,429,2216.11,516.62,62.92,2795.65,3316.4,117.2,65.94,No prazo,true,Construtora Horizonte
ENT-00077,2026-07-11T20:00:00,HUB-DF-01,HUB-SP-01,RTA-DF-01-SP-01-CAM,Caminhão,Atlântica Cargo,55.61,972,5844.01,2503.53,161.43,8508.97,973.9,18.4,66.86,Atrasada,false,Casa Norte Atacado
ENT-00078,2026-07-11T18:00:00,HUB-SP-02,HUB-RS-01,RTA-SP-02-RS-01-CAB,Cabotagem,VerdeMar Shipping,62.12,890,3991.0,743.56,22.64,4757.2,1093.6,49.3,80.69,No prazo,true,Farmácia Sol Nascente
ENT-00079,2026-07-12T06:45:00,HUB-SP-01,HUB-PR-01,RTA-SP-01-PR-01-CAM,Caminhão,Atlântica Cargo,36.74,593,3065.04,1153.85,84.78,4303.67,395.0,7.3,57.97,No prazo,true,Indústria Brisa Alimentos
ENT-00080,2026-07-12T09:15:00,HUB-SP-02,HUB-PE-01,RTA-SP-02-PE-01-CAB,Cabotagem,VerdeMar Shipping,30.11,514,1997.29,377.23,35.97,2410.49,2224.1,101.0,92.35,Atrasada,false,Casa Norte Atacado
ENT-00081,2026-07-12T13:15:00,HUB-MG-01,HUB-GO-01,RTA-MG-01-GO-01-CAM,Caminhão,SerraSul Cargas,55.13,855,5451.08,2272.67,149.73,7873.48,801.1,11.6,66.59,Parcial,false,Casa Norte Atacado
ENT-00082,2026-07-12T07:45:00,HUB-DF-01,HUB-BA-01,RTA-DF-01-BA-01-CAM,Caminhão,Atlântica Cargo,19.73,238,1722.07,617.45,229.39,2568.91,1552.3,29.0,96.51,Atrasada,false,Farmácia Sol Nascente
ENT-00083,2026-07-12T06:45:00,HUB-RJ-01,HUB-BA-01,RTA-RJ-01-BA-01-CAB,Cabotagem,VerdeMar Shipping,60.24,762,3286.74,648.29,28.09,3963.12,1224.9,54.1,68.13,Parcial,false,Farmácia Sol Nascente
ENT-00084,2026-07-12T15:45:00,HUB-PR-01,HUB-RS-01,RTA-PR-01-RS-01-FER,Ferrovia,SerraSul Cargas,29.02,472,1378.16,180.8,12.18,1571.14,716.2,21.8,76.66,No prazo,true,Construtora Horizonte
ENT-00085,2026-07-13T19:45:00,HUB-SP-02,HUB-AM-01,RTA-SP-02-AM-01-BAR,Barco,RioNorte Express,59.65,869,4821.27,1187.35,68.25,6076.87,3343.7,145.6,84.33,Atrasada,false,Farmácia Sol Nascente
ENT-00086,2026-07-13T18:00:00,HUB-PE-01,HUB-CE-01,RTA-PE-01-CE-01-CAM,Caminhão,CostaBrava Log,38.94,540,3611.54,1397.87,116.96,5126.37,776.8,16.0,63.86,No prazo,true,Rede SuperLeste
ENT-00087,2026-07-13T14:30:00,HUB-PE-01,HUB-CE-01,RTA-PE-01-CE-01-CAM,Caminhão,CostaBrava Log,72.39,1110,5910.31,2089.96,140.62,8140.89,829.8,20.3,63.4,Atrasada,false,Indústria Brisa Alimentos
ENT-00088,2026-07-13T12:45:00,HUB-SP-01,HUB-MG-01,RTA-SP-01-MG-01-CAM,Caminhão,SerraSul Cargas,52.0,672,4482.39,1769.85,89.76,6342.0,589.5,10.7,58.08,No prazo,true,Construtora Horizonte
ENT-00089,2026-07-13T15:30:00,HUB-SP-01,HUB-PR-01,RTA-SP-01-PR-01-CAM,Caminhão,Atlântica Cargo,72.83,1142,7737.8,3256.06,70.18,11064.04,429.9,6.2,76.94,No prazo,true,Casa Norte Atacado
ENT-00090,2026-07-13T19:30:00,HUB-SP-02,HUB-PE-01,RTA-SP-02-PE-01-CAB,Cabotagem,VerdeMar Shipping,31.74,506,2341.9,389.06,41.59,2772.55,2054.6,83.1,90.7,No prazo,true,Mercado Vale Verde
ENT-00091,2026-07-13T20:45:00,HUB-AM-01,HUB-PA-01,RTA-AM-01-PA-01-BAR,Barco,RioNorte Express,76.3,1271,4577.47,945.97,21.21,5544.65,1012.8,32.8,74.7,No prazo,true,Farmácia Sol Nascente
ENT-00092,2026-07-13T17:00:00,HUB-SP-02,HUB-AM-01,RTA-SP-02-AM-01-BAR,Barco,RioNorte Express,78.87,1000,6426.09,1444.36,66.54,7936.99,3118.5,118.2,71.63,No prazo,true,Casa Norte Atacado
ENT-00093,2026-07-13T16:00:00,HUB-SP-02,HUB-PE-01,RTA-SP-02-PE-01-CAB,Cabotagem,VerdeMar Shipping,93.54,1553,5103.36,940.97,45.89,6090.22,2360.2,71.1,85.64,No prazo,true,Farmácia Sol Nascente
ENT-00094,2026-07-13T08:45:00,HUB-DF-01,HUB-SP-01,RTA-DF-01-SP-01-CAM,Caminhão,Atlântica Cargo,20.83,252,2015.01,798.9,217.58,3031.49,1115.3,19.2,79.05,No prazo,true,Casa Norte Atacado
ENT-00095,2026-07-13T14:30:00,HUB-SP-01,HUB-PR-01,RTA-SP-01-PR-01-CAM,Caminhão,Atlântica Cargo,29.52,522,2584.94,991.29,62.91,3639.14,414.9,7.9,62.63,No prazo,true,Mercado Vale Verde
ENT-00096,2026-07-14T09:15:00,HUB-RJ-01,HUB-BA-01,RTA-RJ-01-BA-01-CAB,Cabotagem,VerdeMar Shipping,26.59,420,1905.01,338.71,29.14,2272.86,1231.3,41.9,81.58,No prazo,true,Casa Norte Atacado
ENT-00097,2026-07-14T15:30:00,HUB-SP-01,HUB-MG-01,RTA-SP-01-MG-01-CAM,Caminhão,SerraSul Cargas,31.22,487,2515.33,1044.92,111.66,3671.91,621.8,10.1,71.42,No prazo,true,Mercado Vale Verde
ENT-00098,2026-07-14T16:30:00,HUB-PR-01,HUB-RS-01,RTA-PR-01-RS-01-FER,Ferrovia,SerraSul Cargas,56.83,897,2729.59,351.02,15.09,3095.7,766.3,19.8,62.8,No prazo,true,Casa Norte Atacado
ENT-00099,2026-07-14T11:30:00,HUB-DF-01,HUB-BA-01,RTA-DF-01-BA-01-CAM,Caminhão,Atlântica Cargo,83.48,1046,7999.47,3460.99,294.99,11755.45,1495.9,22.5,90.06,No prazo,true,Construtora Horizonte
ENT-00100,2026-07-14T12:45:00,HUB-GO-01,HUB-SP-01,RTA-GO-01-SP-01-FER,Ferrovia,SerraSul Cargas,32.32,399,1642.11,247.96,16.77,1906.84,837.2,26.7,83.02,No prazo,true,Farmácia Sol Nascente
ENT-00101,2026-07-14T17:30:00,HUB-GO-01,HUB-SP-01,RTA-GO-01-SP-01-FER,Ferrovia,SerraSul Cargas,67.69,960,4000.53,599.13,16.13,4615.79,982.2,22.5,72.47,No prazo,true,Indústria Brisa Alimentos
ENT-00102,2026-07-14T17:15:00,HUB-PE-01,HUB-CE-01,RTA-PE-01-CE-01-CAM,Caminhão,CostaBrava Log,61.99,1080,5548.82,1972.25,148.16,7669.23,875.7,13.0,65.05,Parcial,false,Construtora Horizonte
ENT-00103,2026-07-14T18:30:00,HUB-BA-01,HUB-PE-01,RTA-BA-01-PE-01-CAM,Caminhão,CostaBrava Log,23.68,363,1827.3,746.94,186.92,2761.16,880.9,14.0,90.86,No prazo,true,Casa Norte Atacado
ENT-00104,2026-07-14T21:00:00,HUB-AM-01,HUB-PA-01,RTA-AM-01-PA-01-BAR,Barco,RioNorte Express,34.59,459,2228.76,458.16,18.07,2704.99,1087.3,45.5,77.65,Atrasada,false,Rede SuperLeste
ENT-00105,2026-07-15T12:45:00,HUB-DF-01,HUB-SP-01,RTA-DF-01-SP-01-CAM,Caminhão,Atlântica Cargo,59.41,925,5981.29,2400.59,200.72,8582.6,960.4,15.2,70.52,No prazo,true,Construtora Horizonte
ENT-00106,2026-07-15T19:45:00,HUB-SP-02,HUB-AM-01,RTA-SP-02-AM-01-BAR,Barco,RioNorte Express,78.37,1151,6664.59,1491.51,72.2,8228.3,3183.1,119.3,75.35,No prazo,true,Indústria Brisa Alimentos
ENT-00107,2026-07-15T21:00:00,HUB-RJ-01,HUB-BA-01,RTA-RJ-01-BA-01-CAB,Cabotagem,VerdeMar Shipping,59.45,862,4021.48,809.46,18.76,4849.7,1142.9,60.3,69.39,Atrasada,false,Indústria Brisa Alimentos
ENT-00108,2026-07-15T18:00:00,HUB-SP-01,HUB-MG-01,RTA-SP-01-MG-01-CAM,Caminhão,SerraSul Cargas,28.74,422,2235.58,957.94,120.28,3313.8,593.1,16.3,72.05,Atrasada,false,Farmácia Sol Nascente
ENT-00109,2026-07-15T20:15:00,HUB-GO-01,HUB-SP-01,RTA-GO-01-SP-01-FER,Ferrovia,SerraSul Cargas,38.87,698,2414.18,375.09,18.77,2808.04,885.5,19.6,79.26,No prazo,true,Rede SuperLeste
ENT-00110,2026-07-15T14:15:00,HUB-PR-01,HUB-RS-01,RTA-PR-01-RS-01-FER,Ferrovia,SerraSul Cargas,68.11,1187,3021.41,480.13,13.69,3515.23,655.9,17.3,73.27,No prazo,true,Indústria Brisa Alimentos
ENT-00111,2026-07-15T14:45:00,HUB-SP-01,HUB-MG-01,RTA-SP-01-MG-01-CAM,Caminhão,SerraSul Cargas,33.98,538,3467.41,1350.5,110.62,4928.53,605.8,8.1,63.05,No prazo,true,Casa Norte Atacado
ENT-00112,2026-07-15T21:00:00,HUB-MT-01,HUB-SP-02,RTA-MT-01-SP-02-CAM,Caminhão,SerraSul Cargas,34.12,494,3924.11,1367.28,308.3,5599.69,1695.1,23.7,62.32,No prazo,true,Farmácia Sol Nascente
ENT-00113,2026-07-15T15:15:00,HUB-DF-01,HUB-SP-01,RTA-DF-01-SP-01-CAM,Caminhão,Atlântica Cargo,20.92,299,1869.69,651.43,162.1,2683.22,1004.6,18.5,68.68,No prazo,true,Casa Norte Atacado
ENT-00114,2026-07-16T19:00:00,HUB-MT-01,HUB-SP-02,RTA-MT-01-SP-02-CAM,Caminhão,SerraSul Cargas,72.51,946,7627.54,3066.38,350.63,11044.55,1732.1,27.3,67.49,No prazo,true,Indústria Brisa Alimentos
ENT-00115,2026-07-16T06:30:00,HUB-SP-02,HUB-PE-01,RTA-SP-02-PE-01-CAB,Cabotagem,VerdeMar Shipping,81.65,1413,4967.42,986.99,42.8,5997.21,2162.9,71.6,90.64,No prazo,true,Indústria Brisa Alimentos
ENT-00116,2026-07-16T21:30:00,HUB-SP-01,HUB-MG-01,RTA-SP-01-MG-01-CAM,Caminhão,SerraSul Cargas,42.66,739,3728.02,1619.84,111.39,5459.25,619.8,10.9,73.96,No prazo,true,Casa Norte Atacado
ENT-00117,2026-07-16T19:30:00,HUB-PE-01,HUB-CE-01,RTA-PE-01-CE-01-CAM,Caminhão,CostaBrava Log,23.29,363,1895.42,662.65,166.22,2724.29,867.6,14.1,66.75,No prazo,true,Farmácia Sol Nascente
ENT-00118,2026-07-16T16:15:00,HUB-SP-01,HUB-RJ-01,RTA-SP-01-RJ-01-CAM,Caminhão,Atlântica Cargo,76.29,1076,8510.92,3677.15,71.92,12259.99,481.4,7.4,82.46,No prazo,true,Casa Norte Atacado
ENT-00119,2026-07-16T16:30:00,HUB-SP-01,HUB-MG-01,RTA-SP-01-MG-01-CAM,Caminhão,SerraSul Cargas,58.71,979,5879.72,2215.49,92.23,8187.44,537.6,8.1,59.81,No prazo,true,Farmácia Sol Nascente
ENT-00120,2026-07-16T17:00:00,HUB-RJ-01,HUB-BA-01,RTA-RJ-01-BA-01-CAB,Cabotagem,VerdeMar Shipping,64.92,985,3854.2,644.06,26.25,4524.51,1199.5,49.3,72.97,No prazo,true,Indústria Brisa Alimentos
ENT-00121,2026-07-16T07:30:00,HUB-RJ-01,HUB-BA-01,RTA-RJ-01-BA-01-CAB,Cabotagem,VerdeMar Shipping,74.95,995,5758.26,984.71,21.37,6764.34,1250.9,50.0,82.95,No prazo,true,Rede SuperLeste
ENT-00122,2026-07-16T08:15:00,HUB-AM-01,HUB-PA-01,RTA-AM-01-PA-01-BAR,Barco,RioNorte Express,25.7,392,1974.34,491.62,22.71,2488.67,1076.3,58.2,80.49,Atrasada,false,Mercado Vale Verde
ENT-00123,2026-07-17T21:45:00,HUB-RJ-01,HUB-BA-01,RTA-RJ-01-BA-01-CAB,Cabotagem,VerdeMar Shipping,22.73,348,1509.47,286.1,19.9,1815.47,1192.5,51.8,65.05,No prazo,true,Farmácia Sol Nascente
ENT-00124,2026-07-17T10:15:00,HUB-MG-01,HUB-GO-01,RTA-MG-01-GO-01-CAM,Caminhão,SerraSul Cargas,22.94,409,2198.63,823.89,160.78,3183.3,775.9,17.7,99.5,Atrasada,false,Farmácia Sol Nascente
ENT-00125,2026-07-17T07:30:00,HUB-GO-01,HUB-SP-01,RTA-GO-01-SP-01-FER,Ferrovia,SerraSul Cargas,87.6,1488,4144.9,657.86,16.22,4818.98,911.0,21.8,88.3,No prazo,true,Mercado Vale Verde
ENT-00126,2026-07-17T15:00:00,HUB-DF-01,HUB-BA-01,RTA-DF-01-BA-01-CAM,Caminhão,Atlântica Cargo,54.91,700,5119.57,1832.91,299.06,7251.54,1412.0,23.7,67.47,No prazo,true,Casa Norte Atacado
ENT-00127,2026-07-17T14:45:00,HUB-SP-01,HUB-MG-01,RTA-SP-01-MG-01-CAM,Caminhão,SerraSul Cargas,81.55,1355,7619.12,3053.14,82.49,10754.75,564.3,8.6,79.66,No prazo,true,Mercado Vale Verde
ENT-00128,2026-07-17T15:30:00,HUB-RJ-01,HUB-BA-01,RTA-RJ-01-BA-01-CAB,Cabotagem,VerdeMar Shipping,73.48,1012,4687.82,861.58,19.77,5569.17,1121.5,39.7,70.74,No prazo,true,Rede SuperLeste
ENT-00129,2026-07-17T17:45:00,HUB-SP-01,HUB-PR-01,RTA-SP-01-PR-01-CAM,Caminhão,Atlântica Cargo,41.14,592,3256.09,1188.36,67.18,4511.63,439.6,7.5,66.29,No prazo,true,Mercado Vale Verde
ENT-00130,2026-07-17T14:45:00,HUB-SP-01,HUB-PR-01,RTA-SP-01-PR-01-CAM,Caminhão,Atlântica Cargo,78.45,1324,6425.15,2294.66,97.89,8817.7,453.8,8.0,72.54,No prazo,true,Casa Norte Atacado
ENT-00131,2026-07-18T08:45:00,HUB-SP-01,HUB-PR-01,RTA-SP-01-PR-01-CAM,Caminhão,Atlântica Cargo,51.86,923,4009.52,1559.76,81.93,5651.21,394.8,7.1,65.26,No prazo,true,Mercado Vale Verde
ENT-00132,2026-07-18T21:45:00,HUB-DF-01,HUB-SP-01,RTA-DF-01-SP-01-CAM,Caminhão,Atlântica Cargo,66.74,1106,6443.84,2322.95,184.4,8951.19,1003.1,16.5,62.63,No prazo,true,Construtora Horizonte
ENT-00133,2026-07-18T21:45:00,HUB-SP-02,HUB-AM-01,RTA-SP-02-AM-01-BAR,Barco,RioNorte Express,96.91,1558,7140.82,1726.07,54.75,8921.64,2925.7,148.9,92.0,No prazo,true,Construtora Horizonte
ENT-00134,2026-07-19T10:45:00,HUB-SP-01,HUB-RJ-01,RTA-SP-01-RJ-01-CAM,Caminhão,Atlântica Cargo,27.18,380,2686.39,1050.31,73.13,3809.83,436.3,7.9,65.35,No prazo,true,Construtora Horizonte
ENT-00135,2026-07-19T14:00:00,HUB-PE-01,HUB-CE-01,RTA-PE-01-CE-01-CAM,Caminhão,CostaBrava Log,38.05,533,3554.92,1317.03,176.07,5048.02,868.5,14.0,61.88,Parcial,false,Construtora Horizonte
ENT-00136,2026-07-19T17:15:00,HUB-PR-01,HUB-RS-01,RTA-PR-01-RS-01-FER,Ferrovia,SerraSul Cargas,95.21,1589,5210.75,762.98,13.26,5986.99,763.4,19.7,87.91,No prazo,true,Rede SuperLeste
ENT-00137,2026-07-20T06:15:00,HUB-SP-01,HUB-RJ-01,RTA-SP-01-RJ-01-CAM,Caminhão,Atlântica Cargo,81.53,1032,6795.91,2770.0,68.93,9634.84,397.2,10.8,74.16,Atrasada,false,Construtora Horizonte
ENT-00138,2026-07-20T13:45:00,HUB-SP-02,HUB-PE-01,RTA-SP-02-PE-01-CAB,Cabotagem,VerdeMar Shipping,45.75,730,2550.96,517.96,42.26,3111.18,2255.2,71.7,57.99,No prazo,true,Mercado Vale Verde
ENT-00139,2026-07-20T13:30:00,HUB-SP-01,HUB-PR-01,RTA-SP-01-PR-01-CAM,Caminhão,Atlântica Cargo,36.69,505,3707.33,1516.17,88.02,5311.52,454.4,8.7,60.74,No prazo,true,Casa Norte Atacado
ENT-00140,2026-07-20T07:30:00,HUB-MT-01,HUB-SP-02,RTA-MT-01-SP-02-CAM,Caminhão,SerraSul Cargas,54.39,945,5869.94,2089.2,236.45,8195.59,1608.2,26.2,71.71,Parcial,false,Farmácia Sol Nascente
ENT-00141,2026-07-20T21:15:00,HUB-DF-01,HUB-BA-01,RTA-DF-01-BA-01-CAM,Caminhão,Atlântica Cargo,68.07,904,6481.3,2383.85,237.41,9102.56,1563.3,21.6,70.62,No prazo,true,Rede SuperLeste
ENT-00142,2026-07-20T20:45:00,HUB-SP-02,HUB-RS-01,RTA-SP-02-RS-01-CAB,Cabotagem,VerdeMar Shipping,28.42,397,1484.95,305.01,26.58,1816.54,1115.9,45.3,71.35,No prazo,true,Rede SuperLeste
ENT-00143,2026-07-20T10:00:00,HUB-SP-02,HUB-PE-01,RTA-SP-02-PE-01-CAB,Cabotagem,VerdeMar Shipping,94.97,1322,5115.95,960.96,46.81,6123.72,2308.2,106.8,74.45,Atrasada,false,Farmácia Sol Nascente
ENT-00144,2026-07-20T19:45:00,HUB-RJ-01,HUB-BA-01,RTA-RJ-01-BA-01-CAB,Cabotagem,VerdeMar Shipping,35.06,578,1908.08,334.73,27.35,2270.16,1313.3,55.7,57.16,Atrasada,false,Mercado Vale Verde
ENT-00145,2026-07-21T17:45:00,HUB-PR-01,HUB-RS-01,RTA-PR-01-RS-01-FER,Ferrovia,SerraSul Cargas,35.56,450,1646.93,218.25,14.81,1879.99,676.3,23.1,80.95,Atrasada,false,Construtora Horizonte
ENT-00146,2026-07-21T13:30:00,HUB-AM-01,HUB-PA-01,RTA-AM-01-PA-01-BAR,Barco,RioNorte Express,51.58,648,4257.5,844.58,20.86,5122.94,1094.0,38.0,66.72,No prazo,true,Indústria Brisa Alimentos
ENT-00147,2026-07-21T08:30:00,HUB-MT-01,HUB-SP-02,RTA-MT-01-SP-02-CAM,Caminhão,SerraSul Cargas,56.38,765,5876.07,2269.41,248.33,8393.81,1597.0,36.7,63.03,Atrasada,false,Indústria Brisa Alimentos
ENT-00148,2026-07-21T11:15:00,HUB-MT-01,HUB-SP-02,RTA-MT-01-SP-02-CAM,Caminhão,SerraSul Cargas,32.68,418,3334.72,1272.21,280.92,4887.85,1530.5,30.1,52.24,No prazo,true,Rede SuperLeste
ENT-00149,2026-07-21T09:15:00,HUB-PE-01,HUB-CE-01,RTA-PE-01-CE-01-CAM,Caminhão,CostaBrava Log,76.5,955,5647.8,2234.25,119.87,8001.92,807.5,14.8,60.79,No prazo,true,Indústria Brisa Alimentos
ENT-00150,2026-07-21T18:45:00,HUB-DF-01,HUB-SP-01,RTA-DF-01-SP-01-CAM,Caminhão,Atlântica Cargo,47.6,765,5122.5,1968.68,158.96,7250.14,1074.0,17.0,67.85,No prazo,true,Construtora Horizonte
ENT-00151,2026-07-21T06:00:00,HUB-SP-01,HUB-RJ-01,RTA-SP-01-RJ-01-CAM,Caminhão,Atlântica Cargo,48.98,824,5191.49,2143.31,84.99,7419.79,457.8,7.7,78.94,No prazo,true,Farmácia Sol Nascente
ENT-00152,2026-07-21T17:45:00,HUB-SP-01,HUB-RJ-01,RTA-SP-01-RJ-01-CAM,Caminhão,Atlântica Cargo,45.39,754,4547.43,1736.82,99.45,6383.7,461.5,9.3,73.32,No prazo,true,Casa Norte Atacado
ENT-00153,2026-07-21T05:30:00,HUB-BA-01,HUB-PE-01,RTA-BA-01-PE-01-CAM,Caminhão,CostaBrava Log,62.34,949,4911.08,1930.25,160.7,7002.03,882.6,14.1,70.11,No prazo,true,Farmácia Sol Nascente
ENT-00154,2026-07-21T08:00:00,HUB-BA-01,HUB-PE-01,RTA-BA-01-PE-01-CAM,Caminhão,CostaBrava Log,54.48,827,4582.57,1687.24,192.69,6462.5,911.1,13.6,64.67,No prazo,true,Rede SuperLeste
ENT-00155,2026-07-21T12:15:00,HUB-PR-01,HUB-RS-01,RTA-PR-01-RS-01-FER,Ferrovia,SerraSul Cargas,79.72,1379,3466.17,440.81,13.62,3920.6,655.4,22.5,77.18,Atrasada,false,Casa Norte Atacado
ENT-00156,2026-07-22T09:15:00,HUB-GO-01,HUB-SP-01,RTA-GO-01-SP-01-FER,Ferrovia,SerraSul Cargas,42.99,726,2394.71,358.1,17.62,2770.43,949.0,22.0,75.28,No prazo,true,Farmácia Sol Nascente
ENT-00157,2026-07-22T21:30:00,HUB-SP-02,HUB-AM-01,RTA-SP-02-AM-01-BAR,Barco,RioNorte Express,25.4,449,2033.01,450.3,67.83,2551.14,3397.4,146.1,99.13,No prazo,true,Rede SuperLeste
ENT-00158,2026-07-22T18:45:00,HUB-PR-01,HUB-RS-01,RTA-PR-01-RS-01-FER,Ferrovia,SerraSul Cargas,32.2,459,1836.96,250.79,16.47,2104.22,760.3,28.8,74.28,Atrasada,false,Construtora Horizonte
ENT-00159,2026-07-22T06:00:00,HUB-GO-01,HUB-SP-01,RTA-GO-01-SP-01-FER,Ferrovia,SerraSul Cargas,50.63,685,2675.99,371.93,17.8,3065.72,877.6,20.0,79.4,No prazo,true,Mercado Vale Verde
ENT-00160,2026-07-22T11:00:00,HUB-RJ-01,HUB-BA-01,RTA-RJ-01-BA-01-CAB,Cabotagem,VerdeMar Shipping,65.97,1057,4927.49,865.48,26.9,5819.87,1156.1,42.1,75.43,No prazo,true,Rede SuperLeste
ENT-00161,2026-07-22T13:30:00,HUB-SP-01,HUB-PR-01,RTA-SP-01-PR-01-CAM,Caminhão,Atlântica Cargo,50.09,673,5298.78,2090.09,85.29,7474.16,426.8,6.7,62.86,No prazo,true,Construtora Horizonte
ENT-00162,2026-07-22T12:15:00,HUB-DF-01,HUB-SP-01,RTA-DF-01-SP-01-CAM,Caminhão,Atlântica Cargo,49.22,827,4337.87,1567.26,179.04,6084.17,1075.1,18.6,78.58,No prazo,true,Casa Norte Atacado
ENT-00163,2026-07-22T13:45:00,HUB-SP-02,HUB-AM-01,RTA-SP-02-AM-01-BAR,Barco,RioNorte Express,92.72,1434,6669.51,1459.9,70.51,8199.92,3110.9,112.4,64.88,No prazo,true,Rede SuperLeste
ENT-00164,2026-07-23T21:00:00,HUB-PR-01,HUB-RS-01,RTA-PR-01-RS-01-FER,Ferrovia,SerraSul Cargas,77.16,1088,3471.18,545.42,16.1,4032.7,673.1,19.5,78.06,Parcial,false,Casa Norte Atacado
ENT-00165,2026-07-23T20:45:00,HUB-SP-01,HUB-PR-01,RTA-SP-01-PR-01-CAM,Caminhão,Atlântica Cargo,62.77,1041,5226.93,2138.76,59.45,7425.14,411.0,8.3,62.31,No prazo,true,Casa Norte Atacado
ENT-00166,2026-07-23T10:00:00,HUB-SP-01,HUB-RJ-01,RTA-SP-01-RJ-01-CAM,Caminhão,Atlântica Cargo,54.96,663,6126.58,2105.27,89.34,8321.19,441.1,7.4,70.69,No prazo,true,Casa Norte Atacado
ENT-00167,2026-07-23T14:00:00,HUB-GO-01,HUB-SP-01,RTA-GO-01-SP-01-FER,Ferrovia,SerraSul Cargas,39.27,617,2336.35,300.84,20.45,2657.64,863.7,22.2,71.5,No prazo,true,Rede SuperLeste
ENT-00168,2026-07-23T18:30:00,HUB-SP-01,HUB-PR-01,RTA-SP-01-PR-01-CAM,Caminhão,Atlântica Cargo,61.54,750,5620.13,2262.05,79.87,7962.05,410.4,7.1,72.71,No prazo,true,Construtora Horizonte
ENT-00169,2026-07-23T13:00:00,HUB-SP-01,HUB-PR-01,RTA-SP-01-PR-01-CAM,Caminhão,Atlântica Cargo,83.25,1445,8768.63,3575.56,83.64,12427.83,452.6,6.8,68.3,No prazo,true,Mercado Vale Verde
ENT-00170,2026-07-23T12:45:00,HUB-AM-01,HUB-MT-01,RTA-AM-01-MT-01-BAL,Balsa,RioNorte Express,39.07,694,3524.5,845.52,32.75,4402.77,1971.1,81.1,98.26,No prazo,true,Rede SuperLeste
ENT-00171,2026-07-23T17:30:00,HUB-DF-01,HUB-SP-01,RTA-DF-01-SP-01-CAM,Caminhão,Atlântica Cargo,40.23,665,4092.7,1594.41,205.05,5892.16,957.5,25.6,80.1,Atrasada,false,Casa Norte Atacado
ENT-00172,2026-07-23T14:15:00,HUB-DF-01,HUB-BA-01,RTA-DF-01-BA-01-CAM,Caminhão,Atlântica Cargo,70.5,1036,6274.62,2256.64,258.89,8790.15,1390.5,23.9,74.19,No prazo,true,Rede SuperLeste
ENT-00173,2026-07-23T07:15:00,HUB-SP-01,HUB-RJ-01,RTA-SP-01-RJ-01-CAM,Caminhão,Atlântica Cargo,35.95,513,3288.09,1237.2,69.72,4595.01,463.0,8.3,80.14,Atrasada,false,Farmácia Sol Nascente
ENT-00174,2026-07-24T18:45:00,HUB-MT-01,HUB-SP-02,RTA-MT-01-SP-02-CAM,Caminhão,SerraSul Cargas,52.33,660,5323.63,2217.41,311.36,7852.4,1510.1,28.2,67.58,No prazo,true,Casa Norte Atacado
ENT-00175,2026-07-24T13:45:00,HUB-PE-01,HUB-CE-01,RTA-PE-01-CE-01-CAM,Caminhão,CostaBrava Log,55.49,996,5143.9,1842.04,126.57,7112.51,774.8,13.9,70.42,No prazo,true,Indústria Brisa Alimentos
ENT-00176,2026-07-24T17:30:00,HUB-GO-01,HUB-SP-01,RTA-GO-01-SP-01-FER,Ferrovia,SerraSul Cargas,26.63,359,1481.29,196.78,14.54,1692.61,862.7,24.4,83.02,No prazo,true,Construtora Horizonte
ENT-00177,2026-07-24T10:45:00,HUB-PA-01,HUB-CE-01,RTA-PA-01-CE-01-BAL,Balsa,RioNorte Express,75.77,1109,6364.53,1601.72,29.63,7995.88,1609.8,64.0,66.94,No prazo,true,Indústria Brisa Alimentos
ENT-00178,2026-07-24T11:15:00,HUB-SP-02,HUB-AM-01,RTA-SP-02-AM-01-BAR,Barco,RioNorte Express,74.25,1109,5434.83,1320.16,61.43,6816.42,3209.0,116.4,69.62,No prazo,true,Rede SuperLeste
ENT-00179,2026-07-24T09:30:00,HUB-RJ-01,HUB-BA-01,RTA-RJ-01-BA-01-CAB,Cabotagem,VerdeMar Shipping,22.77,372,1642.72,327.57,22.02,1992.31,1330.3,42.1,87.24,No prazo,true,Mercado Vale Verde
ENT-00180,2026-07-24T18:00:00,HUB-SP-02,HUB-RS-01,RTA-SP-02-RS-01-CAB,Cabotagem,VerdeMar Shipping,32.58,473,2024.25,380.97,22.2,2427.42,1094.9,62.6,64.91,Atrasada,false,Indústria Brisa Alimentos
ENT-00181,2026-07-24T17:30:00,HUB-BA-01,HUB-PE-01,RTA-BA-01-PE-01-CAM,Caminhão,CostaBrava Log,72.42,1127,5865.93,2376.56,144.5,8386.99,926.4,12.9,62.2,No prazo,true,Farmácia Sol Nascente
ENT-00182,2026-07-24T21:15:00,HUB-SP-01,HUB-MG-01,RTA-SP-01-MG-01-CAM,Caminhão,SerraSul Cargas,24.61,328,2391.85,868.24,106.01,3366.1,620.2,9.8,63.47,No prazo,true,Indústria Brisa Alimentos
ENT-00183,2026-07-24T16:45:00,HUB-SP-01,HUB-PR-01,RTA-SP-01-PR-01-CAM,Caminhão,Atlântica Cargo,50.35,693,5187.32,2133.88,76.54,7397.74,452.7,6.4,62.3,No prazo,true,Casa Norte Atacado
ENT-00184,2026-07-25T12:15:00,HUB-PE-01,HUB-CE-01,RTA-PE-01-CE-01-CAM,Caminhão,CostaBrava Log,48.31,599,3483.24,1304.8,112.86,4900.9,743.1,22.7,84.14,Atrasada,false,Construtora Horizonte
ENT-00185,2026-07-25T18:45:00,HUB-SP-02,HUB-PE-01,RTA-SP-02-PE-01-CAB,Cabotagem,VerdeMar Shipping,63.84,1133,3575.87,682.35,41.37,4299.59,2126.0,74.2,90.21,No prazo,true,Casa Norte Atacado
ENT-00186,2026-07-25T19:00:00,HUB-BA-01,HUB-PE-01,RTA-BA-01-PE-01-CAM,Caminhão,CostaBrava Log,31.79,524,2426.78,1030.99,143.08,3600.85,908.7,12.6,73.27,No prazo,true,Indústria Brisa Alimentos
ENT-00187,2026-07-25T14:00:00,HUB-BA-01,HUB-PE-01,RTA-BA-01-PE-01-CAM,Caminhão,CostaBrava Log,50.8,904,4348.01,1534.2,139.79,6022.0,825.5,14.3,65.65,No prazo,true,Rede SuperLeste
ENT-00188,2026-07-25T10:45:00,HUB-SP-01,HUB-MG-01,RTA-SP-01-MG-01-CAM,Caminhão,SerraSul Cargas,25.9,358,2368.1,903.98,85.4,3357.48,554.8,10.2,72.45,No prazo,true,Rede SuperLeste
ENT-00189,2026-07-25T20:15:00,HUB-GO-01,HUB-SP-01,RTA-GO-01-SP-01-FER,Ferrovia,SerraSul Cargas,91.52,1609,4553.78,603.6,19.32,5176.7,849.6,20.7,64.81,Parcial,false,Mercado Vale Verde
ENT-00190,2026-07-26T12:30:00,HUB-SP-01,HUB-PR-01,RTA-SP-01-PR-01-CAM,Caminhão,Atlântica Cargo,51.86,776,5357.53,2081.01,64.97,7503.51,433.3,7.2,58.71,No prazo,true,Casa Norte Atacado
ENT-00191,2026-07-26T06:45:00,HUB-SP-02,HUB-AM-01,RTA-SP-02-AM-01-BAR,Barco,RioNorte Express,62.12,808,5210.06,1189.12,53.01,6452.19,3135.5,179.7,89.71,Atrasada,false,Construtora Horizonte
ENT-00192,2026-07-26T08:15:00,HUB-SP-02,HUB-RS-01,RTA-SP-02-RS-01-CAB,Cabotagem,VerdeMar Shipping,53.46,877,3639.2,594.83,20.92,4254.95,1155.8,46.1,88.22,Atrasada,false,Mercado Vale Verde
ENT-00193,2026-07-26T13:15:00,HUB-MG-01,HUB-GO-01,RTA-MG-01-GO-01-CAM,Caminhão,SerraSul Cargas,57.39,809,4550.62,1616.5,124.88,6292.0,786.0,13.4,71.84,No prazo,true,Indústria Brisa Alimentos
ENT-00194,2026-07-26T06:30:00,HUB-SP-01,HUB-PR-01,RTA-SP-01-PR-01-CAM,Caminhão,Atlântica Cargo,37.61,580,3960.04,1661.01,70.01,5691.06,455.3,9.9,74.03,Atrasada,false,Rede SuperLeste
ENT-00195,2026-07-26T19:00:00,HUB-SP-01,HUB-MG-01,RTA-SP-01-MG-01-CAM,Caminhão,SerraSul Cargas,76.03,1026,7572.1,3076.11,110.43,10758.64,616.1,10.7,64.71,No prazo,true,Rede SuperLeste
ENT-00196,2026-07-27T19:30:00,HUB-PA-01,HUB-CE-01,RTA-PA-01-CE-01-BAL,Balsa,RioNorte Express,68.24,1103,5415.14,1358.75,40.23,6814.12,1752.7,67.2,74.67,Atrasada,false,Casa Norte Atacado
ENT-00197,2026-07-27T06:00:00,HUB-RJ-01,HUB-BA-01,RTA-RJ-01-BA-01-CAB,Cabotagem,VerdeMar Shipping,51.34,914,3135.64,547.99,26.53,3710.16,1302.0,70.6,90.0,Atrasada,false,Casa Norte Atacado
ENT-00198,2026-07-27T09:30:00,HUB-DF-01,HUB-BA-01,RTA-DF-01-BA-01-CAM,Caminhão,Atlântica Cargo,74.06,895,6791.45,0.0,278.37,1504.86,1592.5,20.6,0.0,Cancelada,false,Mercado Vale Verde
ENT-00199,2026-07-27T07:00:00,HUB-DF-01,HUB-SP-01,RTA-DF-01-SP-01-CAM,Caminhão,Atlântica Cargo,76.73,963,7651.82,3088.63,148.02,10888.47,1002.0,19.3,60.8,Atrasada,false,Casa Norte Atacado
ENT-00200,2026-07-27T20:00:00,HUB-SP-02,HUB-RS-01,RTA-SP-02-RS-01-CAB,Cabotagem,VerdeMar Shipping,26.71,415,1321.42,234.5,19.11,1575.03,1126.3,59.7,67.72,Atrasada,false,Mercado Vale Verde
ENT-00201,2026-07-27T21:00:00,HUB-PA-01,HUB-CE-01,RTA-PA-01-CE-01-BAL,Balsa,RioNorte Express,66.96,844,4644.13,1218.66,34.63,5897.42,1572.3,65.1,96.98,No prazo,true,Construtora Horizonte
ENT-00202,2026-07-27T08:15:00,HUB-DF-01,HUB-BA-01,RTA-DF-01-BA-01-CAM,Caminhão,Atlântica Cargo,47.49,775,4284.07,1744.58,310.05,6338.7,1505.7,20.6,92.03,No prazo,true,Casa Norte Atacado
ENT-00203,2026-07-28T14:15:00,HUB-PE-01,HUB-CE-01,RTA-PE-01-CE-01-CAM,Caminhão,CostaBrava Log,41.55,605,3799.12,1388.87,161.54,5349.53,862.6,14.6,69.67,Atrasada,false,Construtora Horizonte
ENT-00204,2026-07-28T07:00:00,HUB-MT-01,HUB-SP-02,RTA-MT-01-SP-02-CAM,Caminhão,SerraSul Cargas,30.64,439,3329.08,1214.24,290.19,4833.51,1689.3,30.4,63.75,No prazo,true,Indústria Brisa Alimentos
ENT-00205,2026-07-28T13:15:00,HUB-AM-01,HUB-MT-01,RTA-AM-01-MT-01-BAL,Balsa,RioNorte Express,26.84,460,2397.29,627.52,46.42,3071.23,1964.0,71.1,78.21,No prazo,true,Casa Norte Atacado
ENT-00206,2026-07-28T09:30:00,HUB-AM-01,HUB-MT-01,RTA-AM-01-MT-01-BAL,Balsa,RioNorte Express,81.56,1173,7490.49,1808.31,35.69,9334.49,1856.9,80.1,76.36,No prazo,true,Casa Norte Atacado
ENT-00207,2026-07-28T12:00:00,HUB-SP-02,HUB-AM-01,RTA-SP-02-AM-01-BAR,Barco,RioNorte Express,60.1,794,4423.25,1030.11,76.03,5529.39,3353.0,129.4,76.6,No prazo,true,Mercado Vale Verde
ENT-00208,2026-07-28T05:15:00,HUB-SP-01,HUB-MG-01,RTA-SP-01-MG-01-CAM,Caminhão,SerraSul Cargas,47.11,693,4661.51,1922.23,92.2,6675.94,604.2,8.9,67.98,No prazo,true,Farmácia Sol Nascente
ENT-00209,2026-07-28T18:30:00,HUB-SP-01,HUB-PR-01,RTA-SP-01-PR-01-CAM,Caminhão,Atlântica Cargo,53.04,885,4234.17,1762.29,71.27,6067.73,436.3,6.6,82.69,No prazo,true,Construtora Horizonte
ENT-00210,2026-07-28T13:00:00,HUB-SP-01,HUB-RJ-01,RTA-SP-01-RJ-01-CAM,Caminhão,Atlântica Cargo,65.73,1016,5945.84,2315.68,74.33,8335.85,402.2,7.9,60.88,No prazo,true,Construtora Horizonte
ENT-00211,2026-07-28T06:45:00,HUB-BA-01,HUB-PE-01,RTA-BA-01-PE-01-CAM,Caminhão,CostaBrava Log,25.73,423,1890.92,654.95,131.6,2677.47,773.2,16.8,75.96,Parcial,false,Mercado Vale Verde
ENT-00212,2026-07-28T21:00:00,HUB-SP-02,HUB-AM-01,RTA-SP-02-AM-01-BAR,Barco,RioNorte Express,52.77,861,3857.88,870.38,70.12,4798.38,3020.2,109.1,75.28,No prazo,true,Farmácia Sol Nascente
ENT-00213,2026-07-28T19:30:00,HUB-SP-01,HUB-RJ-01,RTA-SP-01-RJ-01-CAM,Caminhão,Atlântica Cargo,49.16,673,4769.86,1634.9,74.2,6478.96,468.3,7.5,63.95,No prazo,true,Construtora Horizonte
ENT-00214,2026-07-29T05:30:00,HUB-SP-01,HUB-PR-01,RTA-SP-01-PR-01-CAM,Caminhão,Atlântica Cargo,69.98,1147,5640.96,2428.87,61.49,8131.32,422.0,8.2,68.01,No prazo,true,Casa Norte Atacado
ENT-00215,2026-07-29T06:15:00,HUB-PE-01,HUB-CE-01,RTA-PE-01-CE-01-CAM,Caminhão,CostaBrava Log,43.21,709,4405.49,1682.38,167.41,6255.28,785.2,12.4,75.91,No prazo,true,Construtora Horizonte
ENT-00216,2026-07-29T06:45:00,HUB-PA-01,HUB-CE-01,RTA-PA-01-CE-01-BAL,Balsa,RioNorte Express,78.0,1150,6228.27,1583.43,32.78,7844.48,1711.3,59.1,77.14,No prazo,true,Rede SuperLeste
ENT-00217,2026-07-29T08:15:00,HUB-SP-01,HUB-PR-01,RTA-SP-01-PR-01-CAM,Caminhão,Atlântica Cargo,33.86,459,3342.82,1376.77,67.26,4786.85,403.0,8.2,70.51,No prazo,true,Casa Norte Atacado
ENT-00218,2026-07-29T10:30:00,HUB-SP-02,HUB-PE-01,RTA-SP-02-PE-01-CAB,Cabotagem,VerdeMar Shipping,56.61,817,3200.52,562.89,40.95,3804.36,2259.8,89.1,81.51,No prazo,true,Rede SuperLeste
ENT-00219,2026-07-29T05:45:00,HUB-BA-01,HUB-PE-01,RTA-BA-01-PE-01-CAM,Caminhão,CostaBrava Log,20.7,352,1676.67,0.0,149.82,368.49,827.9,12.8,0.0,Cancelada,false,Farmácia Sol Nascente
ENT-00220,2026-07-29T11:45:00,HUB-MT-01,HUB-SP-02,RTA-MT-01-SP-02-CAM,Caminhão,SerraSul Cargas,54.86,689,4664.15,1622.46,303.15,6589.76,1514.0,30.5,64.73,No prazo,true,Indústria Brisa Alimentos
ENT-00221,2026-07-29T15:00:00,HUB-BA-01,HUB-PE-01,RTA-BA-01-PE-01-CAM,Caminhão,CostaBrava Log,80.82,1010,6100.79,2664.4,137.87,8903.06,871.3,17.1,61.04,No prazo,true,Casa Norte Atacado
ENT-00222,2026-07-29T10:30:00,HUB-SP-01,HUB-PR-01,RTA-SP-01-PR-01-CAM,Caminhão,Atlântica Cargo,21.39,375,1967.61,744.46,72.11,2784.18,412.7,8.0,57.99,No prazo,true,Indústria Brisa Alimentos
ENT-00223,2026-07-29T21:15:00,HUB-PR-01,HUB-RS-01,RTA-PR-01-RS-01-FER,Ferrovia,SerraSul Cargas,32.15,504,1629.84,255.72,14.69,1900.25,740.8,20.2,85.54,No prazo,true,Rede SuperLeste
ENT-00224,2026-07-30T10:00:00,HUB-RJ-01,HUB-BA-01,RTA-RJ-01-BA-01-CAB,Cabotagem,VerdeMar Shipping,96.93,1617,6285.7,1276.44,23.83,7585.97,1190.2,47.6,82.63,No prazo,true,Indústria Brisa Alimentos
ENT-00225,2026-07-30T12:30:00,HUB-MT-01,HUB-SP-02,RTA-MT-01-SP-02-CAM,Caminhão,SerraSul Cargas,19.96,336,1942.7,730.37,292.41,2965.48,1571.7,30.7,71.57,No prazo,true,Construtora Horizonte
ENT-00226,2026-07-30T10:15:00,HUB-MG-01,HUB-GO-01,RTA-MG-01-GO-01-CAM,Caminhão,SerraSul Cargas,79.46,980,8041.27,3359.26,140.43,11540.96,828.3,17.1,76.28,Atrasada,false,Construtora Horizonte
ENT-00227,2026-07-30T14:15:00,HUB-SP-02,HUB-AM-01,RTA-SP-02-AM-01-BAR,Barco,RioNorte Express,77.57,1097,5626.08,1289.61,55.16,6970.85,3218.8,210.4,94.24,Atrasada,false,Farmácia Sol Nascente
ENT-00228,2026-07-30T10:30:00,HUB-SP-01,HUB-RJ-01,RTA-SP-01-RJ-01-CAM,Caminhão,Atlântica Cargo,21.76,339,1947.35,779.61,80.28,2807.24,397.3,7.9,65.54,No prazo,true,Casa Norte Atacado
ENT-00229,2026-07-30T14:30:00,HUB-SP-01,HUB-RJ-01,RTA-SP-01-RJ-01-CAM,Caminhão,Atlântica Cargo,57.3,1002,6159.59,2668.66,78.99,8907.24,462.2,8.9,79.44,No prazo,true,Mercado Vale Verde
ENT-00230,2026-07-30T16:15:00,HUB-SP-01,HUB-PR-01,RTA-SP-01-PR-01-CAM,Caminhão,Atlântica Cargo,67.07,980,5774.6,2362.86,79.25,8216.71,429.6,10.3,67.78,Atrasada,false,Rede SuperLeste
ENT-00231,2026-07-30T06:15:00,HUB-MT-01,HUB-SP-02,RTA-MT-01-SP-02-CAM,Caminhão,SerraSul Cargas,29.75,411,3164.46,1367.47,361.54,4893.47,1702.9,24.1,48.53,Parcial,false,Construtora Horizonte
ENT-00232,2026-07-30T15:15:00,HUB-SP-02,HUB-AM-01,RTA-SP-02-AM-01-BAR,Barco,RioNorte Express,83.02,1300,6349.83,1372.92,54.0,7776.75,3248.6,110.2,96.21,No prazo,true,Rede SuperLeste
ENT-00233,2026-07-30T05:00:00,HUB-DF-01,HUB-SP-01,RTA-DF-01-SP-01-CAM,Caminhão,Atlântica Cargo,23.94,389,2211.77,812.15,171.41,3195.33,1058.3,19.3,77.31,No prazo,true,Farmácia Sol Nascente
ENT-00234,2026-07-30T12:15:00,HUB-PR-01,HUB-RS-01,RTA-PR-01-RS-01-FER,Ferrovia,SerraSul Cargas,53.03,689,2546.39,354.3,16.11,2916.8,712.0,30.0,80.86,Atrasada,false,Farmácia Sol Nascente
ENT-00235,2026-07-31T15:45:00,HUB-RJ-01,HUB-BA-01,RTA-RJ-01-BA-01-CAB,Cabotagem,VerdeMar Shipping,23.27,282,1431.51,289.1,20.17,1740.78,1166.7,40.4,97.13,Parcial,false,Rede SuperLeste
ENT-00236,2026-07-31T13:30:00,HUB-SP-01,HUB-RJ-01,RTA-SP-01-RJ-01-CAM,Caminhão,Atlântica Cargo,81.14,1054,6624.82,2395.05,74.44,9094.31,472.1,7.0,80.75,No prazo,true,Indústria Brisa Alimentos
ENT-00237,2026-07-31T05:15:00,HUB-SP-02,HUB-RS-01,RTA-SP-02-RS-01-CAB,Cabotagem,VerdeMar Shipping,24.52,378,1398.7,253.5,21.97,1674.17,1196.8,37.5,71.6,No prazo,true,Mercado Vale Verde
ENT-00238,2026-07-31T17:15:00,HUB-DF-01,HUB-BA-01,RTA-DF-01-BA-01-CAM,Caminhão,Atlântica Cargo,83.46,1238,7693.55,3285.25,221.48,11200.28,1358.1,25.7,60.63,No prazo,true,Indústria Brisa Alimentos
ENT-00239,2026-07-31T16:45:00,HUB-DF-01,HUB-SP-01,RTA-DF-01-SP-01-CAM,Caminhão,Atlântica Cargo,42.75,627,3632.36,1334.94,145.83,5113.13,982.4,16.8,71.19,No prazo,true,Construtora Horizonte
ENT-00240,2026-07-31T14:00:00,HUB-SP-02,HUB-RS-01,RTA-SP-02-RS-01-CAB,Cabotagem,VerdeMar Shipping,25.4,363,1626.73,332.07,23.2,1982.0,1127.0,49.5,64.65,No prazo,true,Farmácia Sol Nascente
ENT-00241,2026-07-31T11:15:00,HUB-AM-01,HUB-MT-01,RTA-AM-01-MT-01-BAL,Balsa,RioNorte Express,65.86,988,5871.8,1486.84,35.45,7394.09,2090.2,82.3,78.25,Parcial,false,Mercado Vale Verde
ENT-00242,2026-08-01T17:45:00,HUB-PR-01,HUB-RS-01,RTA-PR-01-RS-01-FER,Ferrovia,SerraSul Cargas,96.85,1415,5498.41,742.43,18.51,6259.35,794.8,23.5,72.46,Atrasada,false,Construtora Horizonte
ENT-00243,2026-08-01T08:00:00,HUB-AM-01,HUB-PA-01,RTA-AM-01-PA-01-BAR,Barco,RioNorte Express,41.98,619,3129.89,709.67,20.77,3860.33,1072.8,42.2,73.62,No prazo,true,Construtora Horizonte
ENT-00244,2026-08-01T10:30:00,HUB-RJ-01,HUB-BA-01,RTA-RJ-01-BA-01-CAB,Cabotagem,VerdeMar Shipping,81.24,1397,4850.6,928.72,27.06,5806.38,1315.2,53.0,80.61,No prazo,true,Farmácia Sol Nascente
ENT-00245,2026-08-02T14:30:00,HUB-MT-01,HUB-SP-02,RTA-MT-01-SP-02-CAM,Caminhão,SerraSul Cargas,63.61,916,6680.42,2315.99,286.68,9283.09,1608.6,31.3,69.99,No prazo,true,Indústria Brisa Alimentos
ENT-00246,2026-08-02T18:00:00,HUB-MG-01,HUB-GO-01,RTA-MG-01-GO-01-CAM,Caminhão,SerraSul Cargas,75.5,1216,6313.5,2605.29,164.72,9083.51,824.7,11.6,79.63,No prazo,true,Mercado Vale Verde
ENT-00247,2026-08-02T21:00:00,HUB-PR-01,HUB-RS-01,RTA-PR-01-RS-01-FER,Ferrovia,SerraSul Cargas,91.08,1315,4410.91,564.45,16.12,4991.48,722.0,19.3,90.97,No prazo,true,Mercado Vale Verde
ENT-00248,2026-08-02T08:00:00,HUB-SP-02,HUB-PE-01,RTA-SP-02-PE-01-CAB,Cabotagem,VerdeMar Shipping,84.88,1444,6159.74,1193.19,38.82,7391.75,2133.8,102.1,83.67,Atrasada,false,Mercado Vale Verde
ENT-00249,2026-08-03T06:15:00,HUB-GO-01,HUB-SP-01,RTA-GO-01-SP-01-FER,Ferrovia,SerraSul Cargas,55.07,978,2798.84,434.71,16.32,3249.87,903.3,23.8,79.91,No prazo,true,Construtora Horizonte
ENT-00250,2026-08-03T05:45:00,HUB-RJ-01,HUB-BA-01,RTA-RJ-01-BA-01-CAB,Cabotagem,VerdeMar Shipping,37.21,495,2557.76,473.44,26.54,3057.74,1158.0,42.1,74.58,Parcial,false,Mercado Vale Verde
ENT-00251,2026-08-03T13:15:00,HUB-DF-01,HUB-BA-01,RTA-DF-01-BA-01-CAM,Caminhão,Atlântica Cargo,58.28,702,5051.23,2191.56,265.91,7508.7,1397.5,25.9,63.24,No prazo,true,Farmácia Sol Nascente
ENT-00252,2026-08-03T14:30:00,HUB-SP-02,HUB-AM-01,RTA-SP-02-AM-01-BAR,Barco,RioNorte Express,60.82,957,5489.88,1378.82,73.02,6941.72,3214.4,105.9,82.03,No prazo,true,Rede SuperLeste
ENT-00253,2026-08-03T17:30:00,HUB-SP-01,HUB-MG-01,RTA-SP-01-MG-01-CAM,Caminhão,SerraSul Cargas,22.28,399,1855.99,760.13,126.6,2742.72,607.9,16.3,69.45,Atrasada,false,Rede SuperLeste
ENT-00254,2026-08-03T11:30:00,HUB-SP-01,HUB-MG-01,RTA-SP-01-MG-01-CAM,Caminhão,SerraSul Cargas,19.71,295,1733.96,0.0,105.62,383.09,567.9,10.9,0.0,Cancelada,false,Rede SuperLeste
ENT-00255,2026-08-03T20:15:00,HUB-BA-01,HUB-PE-01,RTA-BA-01-PE-01-CAM,Caminhão,CostaBrava Log,63.98,1012,5406.78,2003.31,133.23,7543.32,852.7,17.2,64.69,No prazo,true,Rede SuperLeste
ENT-00256,2026-08-03T15:30:00,HUB-SP-02,HUB-AM-01,RTA-SP-02-AM-01-BAR,Barco,RioNorte Express,82.98,1375,5982.0,1213.82,55.88,7251.7,2965.5,172.9,68.38,Atrasada,false,Indústria Brisa Alimentos
ENT-00257,2026-08-03T21:30:00,HUB-MT-01,HUB-SP-02,RTA-MT-01-SP-02-CAM,Caminhão,SerraSul Cargas,49.07,623,4963.33,1990.11,266.73,7220.17,1498.5,29.0,72.55,No prazo,true,Farmácia Sol Nascente
ENT-00258,2026-08-04T07:45:00,HUB-DF-01,HUB-SP-01,RTA-DF-01-SP-01-CAM,Caminhão,Atlântica Cargo,28.1,504,3018.28,1315.16,154.07,4487.51,998.4,24.3,75.27,Atrasada,false,Indústria Brisa Alimentos
ENT-00259,2026-08-04T18:45:00,HUB-DF-01,HUB-BA-01,RTA-DF-01-BA-01-CAM,Caminhão,Atlântica Cargo,29.85,471,3040.15,1088.43,263.97,4392.55,1326.2,21.6,55.75,No prazo,true,Farmácia Sol Nascente
ENT-00260,2026-08-04T05:00:00,HUB-PR-01,HUB-RS-01,RTA-PR-01-RS-01-FER,Ferrovia,SerraSul Cargas,57.48,691,3384.12,532.05,16.08,3932.25,729.0,20.7,79.0,No prazo,true,Rede SuperLeste
ENT-00261,2026-08-04T21:30:00,HUB-PE-01,HUB-CE-01,RTA-PE-01-CE-01-CAM,Caminhão,CostaBrava Log,33.16,572,2886.37,1071.08,116.86,4074.31,785.9,11.9,92.02,No prazo,true,Farmácia Sol Nascente
ENT-00262,2026-08-04T12:15:00,HUB-DF-01,HUB-SP-01,RTA-DF-01-SP-01-CAM,Caminhão,Atlântica Cargo,84.7,1190,7088.91,3062.89,233.5,10385.3,1111.3,16.2,77.21,No prazo,true,Rede SuperLeste
ENT-00263,2026-08-04T06:00:00,HUB-SP-01,HUB-PR-01,RTA-SP-01-PR-01-CAM,Caminhão,Atlântica Cargo,32.15,390,3185.0,1328.95,71.59,4585.54,418.6,6.5,61.17,No prazo,true,Rede SuperLeste
ENT-00264,2026-08-04T05:30:00,HUB-MG-01,HUB-GO-01,RTA-MG-01-GO-01-CAM,Caminhão,SerraSul Cargas,21.23,269,1742.68,712.19,118.56,2573.43,746.6,11.1,59.07,No prazo,true,Farmácia Sol Nascente
ENT-00265,2026-08-05T11:30:00,HUB-DF-01,HUB-BA-01,RTA-DF-01-BA-01-CAM,Caminhão,Atlântica Cargo,36.09,564,2886.97,1184.47,208.02,4279.46,1364.3,26.1,74.22,No prazo,true,Construtora Horizonte
ENT-00266,2026-08-05T05:00:00,HUB-SP-01,HUB-PR-01,RTA-SP-01-PR-01-CAM,Caminhão,Atlântica Cargo,41.98,606,4434.27,1806.43,69.73,6310.43,390.4,7.6,73.8,No prazo,true,Casa Norte Atacado
ENT-00267,2026-08-05T19:00:00,HUB-MG-01,HUB-GO-01,RTA-MG-01-GO-01-CAM,Caminhão,SerraSul Cargas,62.82,810,6108.71,2147.96,112.74,8369.41,694.1,12.8,74.18,No prazo,true,Casa Norte Atacado
ENT-00268,2026-08-05T09:15:00,HUB-MG-01,HUB-GO-01,RTA-MG-01-GO-01-CAM,Caminhão,SerraSul Cargas,76.57,1310,6712.34,2369.53,150.7,9232.57,734.1,15.7,97.75,Atrasada,false,Indústria Brisa Alimentos
ENT-00269,2026-08-05T20:45:00,HUB-AM-01,HUB-PA-01,RTA-AM-01-PA-01-BAR,Barco,RioNorte Express,54.43,856,4324.79,899.81,20.62,5245.22,1073.8,32.9,84.97,No prazo,true,Rede SuperLeste
ENT-00270,2026-08-05T19:15:00,HUB-DF-01,HUB-SP-01,RTA-DF-01-SP-01-CAM,Caminhão,Atlântica Cargo,29.17,373,3085.58,1085.67,225.52,4396.77,1075.9,19.9,69.32,No prazo,true,Construtora Horizonte
ENT-00271,2026-08-05T13:30:00,HUB-PA-01,HUB-CE-01,RTA-PA-01-CE-01-BAL,Balsa,RioNorte Express,42.03,511,3916.5,876.67,39.51,4832.68,1691.0,64.3,85.03,No prazo,true,Casa Norte Atacado
ENT-00272,2026-08-06T12:45:00,HUB-RJ-01,HUB-BA-01,RTA-RJ-01-BA-01-CAB,Cabotagem,VerdeMar Shipping,65.13,1002,4001.31,742.4,28.92,4772.63,1338.7,49.6,84.04,No prazo,true,Indústria Brisa Alimentos
ENT-00273,2026-08-06T10:00:00,HUB-DF-01,HUB-BA-01,RTA-DF-01-BA-01-CAM,Caminhão,Atlântica Cargo,60.97,786,5908.6,2027.28,330.18,8266.06,1562.8,26.6,60.88,No prazo,true,Farmácia Sol Nascente
ENT-00274,2026-08-06T19:00:00,HUB-SP-02,HUB-AM-01,RTA-SP-02-AM-01-BAR,Barco,RioNorte Express,46.2,631,3384.94,822.34,52.66,4259.94,3166.3,130.0,77.65,No prazo,true,Farmácia Sol Nascente
ENT-00275,2026-08-06T14:15:00,HUB-PR-01,HUB-RS-01,RTA-PR-01-RS-01-FER,Ferrovia,SerraSul Cargas,29.85,447,1466.4,213.36,11.94,1691.7,746.0,16.5,88.31,No prazo,true,Rede SuperLeste
ENT-00276,2026-08-06T16:45:00,HUB-BA-01,HUB-PE-01,RTA-BA-01-PE-01-CAM,Caminhão,CostaBrava Log,81.67,1158,7151.1,2826.22,147.48,10124.8,781.9,13.5,77.62,No prazo,true,Casa Norte Atacado
ENT-00277,2026-08-06T18:00:00,HUB-SP-01,HUB-MG-01,RTA-SP-01-MG-01-CAM,Caminhão,SerraSul Cargas,62.15,746,6267.53,2469.6,98.24,8835.37,574.8,10.0,86.06,No prazo,true,Indústria Brisa Alimentos
ENT-00278,2026-08-06T08:45:00,HUB-MT-01,HUB-SP-02,RTA-MT-01-SP-02-CAM,Caminhão,SerraSul Cargas,30.57,537,3308.19,1356.67,243.98,4908.84,1607.7,27.3,82.88,No prazo,true,Farmácia Sol Nascente
ENT-00279,2026-08-06T10:15:00,HUB-DF-01,HUB-BA-01,RTA-DF-01-BA-01-CAM,Caminhão,Atlântica Cargo,82.06,1051,6410.32,2761.91,300.15,9472.38,1468.5,28.9,60.34,Atrasada,false,Casa Norte Atacado
ENT-00280,2026-08-06T15:30:00,HUB-PA-01,HUB-CE-01,RTA-PA-01-CE-01-BAL,Balsa,RioNorte Express,58.24,1007,5437.05,1473.19,36.09,6946.33,1633.3,55.2,79.15,No prazo,true,Farmácia Sol Nascente
ENT-00281,2026-08-06T11:30:00,HUB-RJ-01,HUB-BA-01,RTA-RJ-01-BA-01-CAB,Cabotagem,VerdeMar Shipping,31.35,489,2294.88,428.34,24.37,2747.59,1316.7,47.1,77.05,No prazo,true,Rede SuperLeste
ENT-00282,2026-08-06T16:45:00,HUB-AM-01,HUB-PA-01,RTA-AM-01-PA-01-BAR,Barco,RioNorte Express,72.51,1297,5185.51,1224.75,19.12,6429.38,1029.0,44.4,66.61,No prazo,true,Construtora Horizonte
ENT-00283,2026-08-07T06:15:00,HUB-SP-01,HUB-PR-01,RTA-SP-01-PR-01-CAM,Caminhão,Atlântica Cargo,65.58,1052,6856.08,2619.89,65.29,9541.26,450.5,7.5,77.91,No prazo,true,Indústria Brisa Alimentos
ENT-00284,2026-08-07T19:00:00,HUB-PE-01,HUB-CE-01,RTA-PE-01-CE-01-CAM,Caminhão,CostaBrava Log,28.78,394,2672.62,988.97,153.87,3815.46,776.1,15.5,76.47,No prazo,true,Construtora Horizonte
ENT-00285,2026-08-07T15:00:00,HUB-DF-01,HUB-SP-01,RTA-DF-01-SP-01-CAM,Caminhão,Atlântica Cargo,67.55,1161,5765.38,2401.33,217.48,8384.19,1079.2,22.7,67.88,Atrasada,false,Casa Norte Atacado
ENT-00286,2026-08-07T11:15:00,HUB-PE-01,HUB-CE-01,RTA-PE-01-CE-01-CAM,Caminhão,CostaBrava Log,31.61,544,2478.54,996.89,170.45,3645.88,873.7,13.6,83.93,No prazo,true,Indústria Brisa Alimentos
ENT-00287,2026-08-07T19:15:00,HUB-PR-01,HUB-RS-01,RTA-PR-01-RS-01-FER,Ferrovia,SerraSul Cargas,96.48,1200,4227.16,538.63,14.4,4780.19,789.9,23.9,77.52,Atrasada,false,Casa Norte Atacado
ENT-00288,2026-08-07T15:15:00,HUB-SP-02,HUB-PE-01,RTA-SP-02-PE-01-CAB,Cabotagem,VerdeMar Shipping,45.56,560,3042.9,560.12,50.1,3653.12,2434.2,79.8,83.31,No prazo,true,Mercado Vale Verde
ENT-00289,2026-08-07T21:45:00,HUB-GO-01,HUB-SP-01,RTA-GO-01-SP-01-FER,Ferrovia,SerraSul Cargas,81.28,1053,4138.98,649.48,19.51,4807.97,915.5,22.6,74.34,Parcial,false,Construtora Horizonte
ENT-00290,2026-08-07T15:45:00,HUB-MG-01,HUB-GO-01,RTA-MG-01-GO-01-CAM,Caminhão,SerraSul Cargas,83.74,1009,8630.73,3454.9,147.17,12232.8,779.8,12.5,77.55,Parcial,false,Casa Norte Atacado
ENT-00291,2026-08-07T21:00:00,HUB-PA-01,HUB-CE-01,RTA-PA-01-CE-01-BAL,Balsa,RioNorte Express,54.2,742,4126.38,1090.06,34.5,5250.94,1763.6,63.9,96.52,No prazo,true,Casa Norte Atacado
ENT-00292,2026-08-07T08:15:00,HUB-SP-02,HUB-PE-01,RTA-SP-02-PE-01-CAB,Cabotagem,VerdeMar Shipping,94.38,1437,6321.52,1244.15,46.46,7612.13,2027.2,65.1,83.23,No prazo,true,Construtora Horizonte
ENT-00293,2026-08-07T10:30:00,HUB-MG-01,HUB-GO-01,RTA-MG-01-GO-01-CAM,Caminhão,SerraSul Cargas,76.87,1264,5862.99,2387.26,108.58,8358.83,745.2,14.2,70.48,No prazo,true,Construtora Horizonte
ENT-00294,2026-08-08T07:00:00,HUB-MT-01,HUB-SP-02,RTA-MT-01-SP-02-CAM,Caminhão,SerraSul Cargas,33.25,450,3191.03,1096.45,309.14,4596.62,1606.1,28.9,68.55,No prazo,true,Rede SuperLeste
ENT-00295,2026-08-08T10:15:00,HUB-DF-01,HUB-SP-01,RTA-DF-01-SP-01-CAM,Caminhão,Atlântica Cargo,41.97,630,4103.54,1513.16,208.13,5824.83,987.7,18.1,58.71,No prazo,true,Mercado Vale Verde
ENT-00296,2026-08-08T05:15:00,HUB-PE-01,HUB-CE-01,RTA-PE-01-CE-01-CAM,Caminhão,CostaBrava Log,71.38,1220,5757.77,2454.32,167.22,8379.31,783.2,20.4,82.34,Atrasada,false,Casa Norte Atacado
ENT-00297,2026-08-09T10:15:00,HUB-SP-01,HUB-RJ-01,RTA-SP-01-RJ-01-CAM,Caminhão,Atlântica Cargo,57.98,882,6010.9,2571.68,80.5,8663.08,477.0,7.4,59.94,No prazo,true,Mercado Vale Verde
ENT-00298,2026-08-09T07:30:00,HUB-MT-01,HUB-SP-02,RTA-MT-01-SP-02-CAM,Caminhão,SerraSul Cargas,34.93,443,2887.37,1193.49,365.4,4446.26,1697.3,28.3,77.77,No prazo,true,Rede SuperLeste
ENT-00299,2026-08-09T19:30:00,HUB-SP-01,HUB-RJ-01,RTA-SP-01-RJ-01-CAM,Caminhão,Atlântica Cargo,24.58,401,2029.43,820.44,66.15,2916.02,437.5,7.5,56.88,No prazo,true,Construtora Horizonte
ENT-00300,2026-08-10T18:30:00,HUB-BA-01,HUB-PE-01,RTA-BA-01-PE-01-CAM,Caminhão,CostaBrava Log,28.21,434,2213.53,822.89,182.22,3218.64,908.5,17.3,57.82,No prazo,true,Indústria Brisa Alimentos
ENT-00301,2026-08-10T11:30:00,HUB-SP-01,HUB-MG-01,RTA-SP-01-MG-01-CAM,Caminhão,SerraSul Cargas,67.11,1158,5687.31,2243.13,92.0,8022.44,587.3,11.0,57.45,Atrasada,false,Rede SuperLeste
ENT-00302,2026-08-10T06:30:00,HUB-DF-01,HUB-SP-01,RTA-DF-01-SP-01-CAM,Caminhão,Atlântica Cargo,23.12,287,1812.62,720.12,161.57,2694.31,933.0,17.1,60.27,No prazo,true,Construtora Horizonte
ENT-00303,2026-08-10T16:00:00,HUB-DF-01,HUB-SP-01,RTA-DF-01-SP-01-CAM,Caminhão,Atlântica Cargo,54.16,862,5814.87,2314.39,197.32,8326.58,959.2,16.4,78.07,No prazo,true,Rede SuperLeste
ENT-00304,2026-08-10T09:45:00,HUB-SP-02,HUB-RS-01,RTA-SP-02-RS-01-CAB,Cabotagem,VerdeMar Shipping,94.98,1699,4968.63,840.52,23.87,5833.02,1162.5,46.4,85.91,No prazo,true,Indústria Brisa Alimentos
ENT-00305,2026-08-10T15:00:00,HUB-SP-01,HUB-RJ-01,RTA-SP-01-RJ-01-CAM,Caminhão,Atlântica Cargo,69.02,924,6968.17,2725.94,84.07,9778.18,418.3,8.4,55.65,Atrasada,false,Rede SuperLeste
ENT-00306,2026-08-10T07:30:00,HUB-SP-01,HUB-PR-01,RTA-SP-01-PR-01-CAM,Caminhão,Atlântica Cargo,60.45,824,5708.01,2156.39,75.01,7939.41,438.0,7.7,84.01,No prazo,true,Farmácia Sol Nascente
ENT-00307,2026-08-10T21:30:00,HUB-SP-01,HUB-PR-01,RTA-SP-01-PR-01-CAM,Caminhão,Atlântica Cargo,32.93,475,3350.7,1428.34,64.18,4843.22,444.2,7.1,78.15,No prazo,true,Mercado Vale Verde
ENT-00308,2026-08-10T20:15:00,HUB-SP-02,HUB-PE-01,RTA-SP-02-PE-01-CAB,Cabotagem,VerdeMar Shipping,32.82,512,2008.84,355.28,40.3,2404.42,2383.5,81.0,71.46,No prazo,true,Construtora Horizonte
ENT-00309,2026-08-11T17:00:00,HUB-DF-01,HUB-BA-01,RTA-DF-01-BA-01-CAM,Caminhão,Atlântica Cargo,45.53,612,3687.31,1440.64,283.4,5411.35,1361.6,32.8,74.28,Atrasada,false,Rede SuperLeste
ENT-00310,2026-08-11T09:15:00,HUB-PE-01,HUB-CE-01,RTA-PE-01-CE-01-CAM,Caminhão,CostaBrava Log,73.03,1291,6284.34,2436.81,123.15,8844.3,770.7,14.4,75.33,No prazo,true,Construtora Horizonte
ENT-00311,2026-08-11T18:15:00,HUB-DF-01,HUB-BA-01,RTA-DF-01-BA-01-CAM,Caminhão,Atlântica Cargo,35.72,583,3435.08,1249.79,244.49,4929.36,1423.5,31.2,75.7,Atrasada,false,Construtora Horizonte
ENT-00312,2026-08-11T05:45:00,HUB-SP-01,HUB-MG-01,RTA-SP-01-MG-01-CAM,Caminhão,SerraSul Cargas,49.88,782,4548.48,1606.36,96.17,6251.01,538.1,10.5,74.82,No prazo,true,Construtora Horizonte
ENT-00313,2026-08-11T18:15:00,HUB-PR-01,HUB-RS-01,RTA-PR-01-RS-01-FER,Ferrovia,SerraSul Cargas,88.11,1426,4439.94,678.88,13.43,5132.25,714.1,30.5,84.61,Atrasada,false,Indústria Brisa Alimentos
ENT-00314,2026-08-11T08:00:00,HUB-GO-01,HUB-SP-01,RTA-GO-01-SP-01-FER,Ferrovia,SerraSul Cargas,38.62,662,2010.65,266.64,18.84,2296.13,869.2,36.6,59.49,Atrasada,false,Farmácia Sol Nascente
ENT-00315,2026-08-11T17:15:00,HUB-DF-01,HUB-BA-01,RTA-DF-01-BA-01-CAM,Caminhão,Atlântica Cargo,64.08,890,6292.49,2303.65,293.76,8889.9,1429.1,20.6,63.38,No prazo,true,Farmácia Sol Nascente
ENT-00316,2026-08-11T09:00:00,HUB-MT-01,HUB-SP-02,RTA-MT-01-SP-02-CAM,Caminhão,SerraSul Cargas,55.36,723,6393.86,2537.58,331.81,9263.25,1661.2,27.5,74.97,No prazo,true,Rede SuperLeste
ENT-00317,2026-08-12T05:00:00,HUB-PR-01,HUB-RS-01,RTA-PR-01-RS-01-FER,Ferrovia,SerraSul Cargas,74.58,967,3563.87,517.72,14.75,4096.34,683.7,18.5,76.57,Parcial,false,Mercado Vale Verde
ENT-00318,2026-08-12T21:30:00,HUB-PR-01,HUB-RS-01,RTA-PR-01-RS-01-FER,Ferrovia,SerraSul Cargas,66.95,838,3527.71,533.94,16.19,4077.84,690.6,18.3,72.87,No prazo,true,Rede SuperLeste
ENT-00319,2026-08-12T12:15:00,HUB-SP-01,HUB-PR-01,RTA-SP-01-PR-01-CAM,Caminhão,Atlântica Cargo,21.85,363,1660.66,702.13,82.63,2445.42,391.6,10.0,65.11,Atrasada,false,Rede SuperLeste
ENT-00320,2026-08-12T21:00:00,HUB-SP-01,HUB-RJ-01,RTA-SP-01-RJ-01-CAM,Caminhão,Atlântica Cargo,34.03,408,3564.3,1338.56,70.55,4973.41,409.1,9.4,70.33,No prazo,true,Rede SuperLeste
ENT-00321,2026-08-12T17:00:00,HUB-BA-01,HUB-PE-01,RTA-BA-01-PE-01-CAM,Caminhão,CostaBrava Log,79.58,1217,7293.42,2735.11,181.39,10209.92,894.8,15.2,74.43,No prazo,true,Indústria Brisa Alimentos
ENT-00322,2026-08-12T13:45:00,HUB-SP-02,HUB-PE-01,RTA-SP-02-PE-01-CAB,Cabotagem,VerdeMar Shipping,59.71,916,3253.65,602.24,40.56,3896.45,2245.4,72.4,99.5,No prazo,true,Farmácia Sol Nascente
ENT-00323,2026-08-12T12:15:00,HUB-MT-01,HUB-SP-02,RTA-MT-01-SP-02-CAM,Caminhão,SerraSul Cargas,69.59,1151,6746.36,2683.35,261.39,9691.1,1790.7,27.3,73.51,No prazo,true,Indústria Brisa Alimentos
ENT-00324,2026-08-12T10:45:00,HUB-PA-01,HUB-CE-01,RTA-PA-01-CE-01-BAL,Balsa,RioNorte Express,41.66,633,3067.63,736.03,37.3,3840.96,1696.3,52.8,80.25,No prazo,true,Indústria Brisa Alimentos
ENT-00325,2026-08-13T12:30:00,HUB-SP-02,HUB-RS-01,RTA-SP-02-RS-01-CAB,Cabotagem,VerdeMar Shipping,64.9,849,3464.43,676.15,21.03,4161.61,1176.2,49.0,78.35,No prazo,true,Mercado Vale Verde
ENT-00326,2026-08-13T15:45:00,HUB-RJ-01,HUB-BA-01,RTA-RJ-01-BA-01-CAB,Cabotagem,VerdeMar Shipping,29.94,373,1607.91,322.5,31.55,1961.96,1333.4,60.6,85.06,Atrasada,false,Construtora Horizonte
ENT-00327,2026-08-13T21:30:00,HUB-DF-01,HUB-SP-01,RTA-DF-01-SP-01-CAM,Caminhão,Atlântica Cargo,50.88,911,4316.04,1712.53,164.79,6193.36,1114.2,15.7,74.13,No prazo,true,Farmácia Sol Nascente
ENT-00328,2026-08-13T08:30:00,HUB-DF-01,HUB-SP-01,RTA-DF-01-SP-01-CAM,Caminhão,Atlântica Cargo,69.99,1031,6157.58,2110.82,183.58,8451.98,953.5,17.1,61.22,No prazo,true,Indústria Brisa Alimentos
ENT-00329,2026-08-13T17:30:00,HUB-MT-01,HUB-SP-02,RTA-MT-01-SP-02-CAM,Caminhão,SerraSul Cargas,35.4,541,3621.42,1364.42,280.23,5266.07,1557.6,27.4,74.43,No prazo,true,Farmácia Sol Nascente
ENT-00330,2026-08-13T09:15:00,HUB-SP-02,HUB-PE-01,RTA-SP-02-PE-01-CAB,Cabotagem,VerdeMar Shipping,30.8,476,1784.64,308.05,41.34,2134.03,2124.6,66.0,91.55,No prazo,true,Farmácia Sol Nascente
ENT-00331,2026-08-13T17:00:00,HUB-RJ-01,HUB-BA-01,RTA-RJ-01-BA-01-CAB,Cabotagem,VerdeMar Shipping,34.31,514,2250.79,437.61,29.92,2718.32,1342.9,52.5,74.42,No prazo,true,Rede SuperLeste
ENT-00332,2026-08-13T13:30:00,HUB-SP-02,HUB-PE-01,RTA-SP-02-PE-01-CAB,Cabotagem,VerdeMar Shipping,37.3,504,2560.85,444.79,45.19,3050.83,2393.1,65.9,89.0,No prazo,true,Casa Norte Atacado
ENT-00333,2026-08-13T19:00:00,HUB-PA-01,HUB-CE-01,RTA-PA-01-CE-01-BAL,Balsa,RioNorte Express,41.52,667,3486.21,865.65,39.7,4391.56,1665.8,59.0,76.28,No prazo,true,Farmácia Sol Nascente
ENT-00334,2026-08-14T10:30:00,HUB-SP-02,HUB-AM-01,RTA-SP-02-AM-01-BAR,Barco,RioNorte Express,69.37,892,5004.19,1164.58,60.81,6229.58,2955.9,166.8,85.79,Atrasada,false,Mercado Vale Verde
ENT-00335,2026-08-14T10:15:00,HUB-SP-02,HUB-AM-01,RTA-SP-02-AM-01-BAR,Barco,RioNorte Express,71.01,1154,6192.43,1492.09,75.87,7760.39,3227.3,123.2,77.86,No prazo,true,Casa Norte Atacado
ENT-00336,2026-08-14T06:00:00,HUB-SP-01,HUB-MG-01,RTA-SP-01-MG-01-CAM,Caminhão,SerraSul Cargas,33.72,455,2753.45,1045.54,93.53,3892.52,619.9,13.9,60.08,Atrasada,false,Farmácia Sol Nascente
ENT-00337,2026-08-14T21:15:00,HUB-GO-01,HUB-SP-01,RTA-GO-01-SP-01-FER,Ferrovia,SerraSul Cargas,97.44,1230,6053.34,845.32,16.57,6915.23,928.8,20.0,77.24,No prazo,true,Casa Norte Atacado
ENT-00338,2026-08-14T10:45:00,HUB-SP-01,HUB-RJ-01,RTA-SP-01-RJ-01-CAM,Caminhão,Atlântica Cargo,41.91,733,4519.8,1947.18,86.22,6553.2,469.9,7.9,61.29,No prazo,true,Rede SuperLeste
ENT-00339,2026-08-14T09:30:00,HUB-PE-01,HUB-CE-01,RTA-PE-01-CE-01-CAM,Caminhão,CostaBrava Log,76.78,1121,7651.08,2966.76,134.44,10752.28,838.4,14.0,77.53,No prazo,true,Casa Norte Atacado
ENT-00340,2026-08-14T05:45:00,HUB-SP-01,HUB-RJ-01,RTA-SP-01-RJ-01-CAM,Caminhão,Atlântica Cargo,72.63,1241,5700.23,2448.81,90.22,8239.26,425.2,7.9,75.12,No prazo,true,Indústria Brisa Alimentos
ENT-00341,2026-08-14T07:45:00,HUB-MT-01,HUB-SP-02,RTA-MT-01-SP-02-CAM,Caminhão,SerraSul Cargas,71.38,1091,6860.64,2509.21,301.4,9671.25,1541.9,31.4,60.73,No prazo,true,Rede SuperLeste
ENT-00342,2026-08-14T07:15:00,HUB-SP-02,HUB-RS-01,RTA-SP-02-RS-01-CAB,Cabotagem,VerdeMar Shipping,79.61,1389,4411.12,862.07,26.73,5299.92,1189.7,45.3,64.58,No prazo,true,Mercado Vale Verde
ENT-00343,2026-08-14T13:15:00,HUB-SP-02,HUB-AM-01,RTA-SP-02-AM-01-BAR,Barco,RioNorte Express,69.77,1095,4747.27,945.02,49.53,5741.82,3020.7,133.3,72.37,No prazo,true,Rede SuperLeste
ENT-00344,2026-08-14T06:30:00,HUB-PR-01,HUB-RS-01,RTA-PR-01-RS-01-FER,Ferrovia,SerraSul Cargas,21.33,267,1050.91,161.32,13.1,1225.33,655.3,17.3,76.74,No prazo,true,Casa Norte Atacado
ENT-00345,2026-08-15T19:15:00,HUB-SP-01,HUB-RJ-01,RTA-SP-01-RJ-01-CAM,Caminhão,Atlântica Cargo,69.97,869,7476.01,3137.22,88.78,10702.01,436.0,7.1,82.09,No prazo,true,Rede SuperLeste
ENT-00346,2026-08-15T06:00:00,HUB-SP-01,HUB-PR-01,RTA-SP-01-PR-01-CAM,Caminhão,Atlântica Cargo,31.35,514,2586.82,980.32,82.06,3649.2,384.9,9.6,81.67,Atrasada,false,Indústria Brisa Alimentos
ENT-00347,2026-08-15T17:15:00,HUB-GO-01,HUB-SP-01,RTA-GO-01-SP-01-FER,Ferrovia,SerraSul Cargas,43.72,619,2751.12,369.36,16.13,3136.61,828.1,24.8,93.94,No prazo,true,Casa Norte Atacado
ENT-00348,2026-08-15T15:00:00,HUB-SP-01,HUB-PR-01,RTA-SP-01-PR-01-CAM,Caminhão,Atlântica Cargo,56.93,919,5751.77,2103.01,78.05,7932.83,433.6,6.6,72.51,No prazo,true,Casa Norte Atacado
ENT-00349,2026-08-16T17:30:00,HUB-DF-01,HUB-BA-01,RTA-DF-01-BA-01-CAM,Caminhão,Atlântica Cargo,64.99,1088,7096.25,2958.52,270.13,10324.9,1361.0,21.3,74.31,No prazo,true,Rede SuperLeste
ENT-00350,2026-08-16T19:30:00,HUB-SP-01,HUB-MG-01,RTA-SP-01-MG-01-CAM,Caminhão,SerraSul Cargas,78.21,1166,7625.13,2745.27,92.01,10462.41,584.4,8.9,61.91,No prazo,true,Construtora Horizonte
ENT-00351,2026-08-16T05:30:00,HUB-AM-01,HUB-MT-01,RTA-AM-01-MT-01-BAL,Balsa,RioNorte Express,55.15,684,4232.35,1007.41,28.92,5268.68,1806.9,69.3,72.32,No prazo,true,Construtora Horizonte
ENT-00352,2026-08-16T15:45:00,HUB-SP-02,HUB-RS-01,RTA-SP-02-RS-01-CAB,Cabotagem,VerdeMar Shipping,76.25,1216,4616.67,851.27,23.08,5491.02,1130.6,40.9,71.3,No prazo,true,Rede SuperLeste
ENT-00353,2026-08-16T17:45:00,HUB-SP-02,HUB-AM-01,RTA-SP-02-AM-01-BAR,Barco,RioNorte Express,28.12,448,1906.29,380.72,48.53,2335.54,2879.1,147.2,78.82,No prazo,true,Construtora Horizonte
ENT-00354,2026-08-17T06:30:00,HUB-BA-01,HUB-PE-01,RTA-BA-01-PE-01-CAM,Caminhão,CostaBrava Log,35.15,499,3609.88,1306.16,156.89,5072.93,874.6,15.0,73.14,Atrasada,false,Construtora Horizonte
ENT-00355,2026-08-17T21:00:00,HUB-PE-01,HUB-CE-01,RTA-PE-01-CE-01-CAM,Caminhão,CostaBrava Log,77.66,1314,7034.0,2759.14,169.92,9963.06,863.1,11.7,72.83,No prazo,true,Casa Norte Atacado
ENT-00356,2026-08-17T08:30:00,HUB-PE-01,HUB-CE-01,RTA-PE-01-CE-01-CAM,Caminhão,CostaBrava Log,53.62,704,4870.58,1748.52,162.35,6781.45,820.2,12.6,67.87,No prazo,true,Rede SuperLeste
ENT-00357,2026-08-17T15:30:00,HUB-PR-01,HUB-RS-01,RTA-PR-01-RS-01-FER,Ferrovia,SerraSul Cargas,71.96,1244,3521.02,485.24,11.69,4017.95,676.9,17.0,87.74,No prazo,true,Indústria Brisa Alimentos
ENT-00358,2026-08-17T19:45:00,HUB-PA-01,HUB-CE-01,RTA-PA-01-CE-01-BAL,Balsa,RioNorte Express,60.43,1024,4894.52,1167.36,32.14,6094.02,1575.5,67.7,77.9,Atrasada,false,Farmácia Sol Nascente
ENT-00359,2026-08-17T13:15:00,HUB-SP-01,HUB-RJ-01,RTA-SP-01-RJ-01-CAM,Caminhão,Atlântica Cargo,20.32,278,2204.86,755.44,85.31,3045.61,397.0,10.7,72.72,Atrasada,false,Casa Norte Atacado
ENT-00360,2026-08-17T11:00:00,HUB-SP-01,HUB-RJ-01,RTA-SP-01-RJ-01-CAM,Caminhão,Atlântica Cargo,41.83,536,3602.86,1509.79,64.34,5176.99,427.2,8.2,78.64,No prazo,true,Rede SuperLeste
ENT-00361,2026-08-17T06:30:00,HUB-AM-01,HUB-PA-01,RTA-AM-01-PA-01-BAR,Barco,RioNorte Express,57.88,864,4605.64,936.07,22.78,5564.49,1077.8,41.0,93.91,No prazo,true,Indústria Brisa Alimentos
ENT-00362,2026-08-17T17:00:00,HUB-DF-01,HUB-SP-01,RTA-DF-01-SP-01-CAM,Caminhão,Atlântica Cargo,47.1,828,4828.9,2041.18,201.06,7071.14,953.5,18.6,74.81,No prazo,true,Indústria Brisa Alimentos
ENT-00363,2026-08-17T07:15:00,HUB-GO-01,HUB-SP-01,RTA-GO-01-SP-01-FER,Ferrovia,SerraSul Cargas,45.3,697,2135.78,319.46,21.03,2476.27,877.0,25.0,92.8,No prazo,true,Farmácia Sol Nascente
ENT-00364,2026-08-17T09:15:00,HUB-SP-02,HUB-AM-01,RTA-SP-02-AM-01-BAR,Barco,RioNorte Express,51.08,653,3281.9,721.87,48.43,4052.2,2903.2,131.0,75.28,No prazo,true,Farmácia Sol Nascente
ENT-00365,2026-08-18T08:45:00,HUB-SP-02,HUB-PE-01,RTA-SP-02-PE-01-CAB,Cabotagem,VerdeMar Shipping,51.16,789,3257.99,563.32,41.17,3862.48,2270.9,89.9,65.62,No prazo,true,Farmácia Sol Nascente
ENT-00366,2026-08-18T19:00:00,HUB-AM-01,HUB-PA-01,RTA-AM-01-PA-01-BAR,Barco,RioNorte Express,35.38,497,2227.92,483.98,23.25,2735.15,1030.1,58.6,83.82,Atrasada,false,Mercado Vale Verde
ENT-00367,2026-08-18T08:30:00,HUB-SP-02,HUB-PE-01,RTA-SP-02-PE-01-CAB,Cabotagem,VerdeMar Shipping,49.5,819,2627.51,537.86,56.17,3221.54,2399.2,66.4,89.32,No prazo,true,Farmácia Sol Nascente
ENT-00368,2026-08-18T05:45:00,HUB-PR-01,HUB-RS-01,RTA-PR-01-RS-01-FER,Ferrovia,SerraSul Cargas,46.27,760,2556.6,0.0,14.34,441.33,683.3,19.5,0.0,Cancelada,false,Construtora Horizonte
ENT-00369,2026-08-18T16:00:00,HUB-AM-01,HUB-MT-01,RTA-AM-01-MT-01-BAL,Balsa,RioNorte Express,53.3,721,4782.34,1110.83,34.92,5928.09,1770.8,66.8,81.15,No prazo,true,Casa Norte Atacado
ENT-00370,2026-08-18T07:15:00,HUB-SP-02,HUB-AM-01,RTA-SP-02-AM-01-BAR,Barco,RioNorte Express,88.77,1271,7308.55,1810.42,68.77,9187.74,3459.5,128.2,76.87,No prazo,true,Mercado Vale Verde
ENT-00371,2026-08-18T14:15:00,HUB-GO-01,HUB-SP-01,RTA-GO-01-SP-01-FER,Ferrovia,SerraSul Cargas,55.99,983,3045.07,419.23,15.75,3480.05,822.6,21.4,82.58,No prazo,true,Construtora Horizonte
ENT-00372,2026-08-18T15:45:00,HUB-SP-02,HUB-AM-01,RTA-SP-02-AM-01-BAR,Barco,RioNorte Express,25.48,345,2293.61,573.24,72.95,2939.8,3092.0,150.0,84.93,No prazo,true,Rede SuperLeste
ENT-00373,2026-08-18T19:15:00,HUB-SP-01,HUB-MG-01,RTA-SP-01-MG-01-CAM,Caminhão,SerraSul Cargas,66.9,1011,6499.55,2480.53,113.41,9093.49,612.2,10.8,64.03,No prazo,true,Mercado Vale Verde
ENT-00374,2026-08-18T09:15:00,HUB-DF-01,HUB-BA-01,RTA-DF-01-BA-01-CAM,Caminhão,Atlântica Cargo,56.93,916,5660.44,2419.11,289.74,8369.29,1383.1,20.5,74.47,No prazo,true,Indústria Brisa Alimentos
ENT-00375,2026-08-18T13:15:00,HUB-SP-01,HUB-RJ-01,RTA-SP-01-RJ-01-CAM,Caminhão,Atlântica Cargo,53.71,876,4466.18,1539.94,68.68,6074.8,411.4,8.9,93.61,No prazo,true,Mercado Vale Verde
ENT-00376,2026-08-19T07:45:00,HUB-SP-01,HUB-MG-01,RTA-SP-01-MG-01-CAM,Caminhão,SerraSul Cargas,19.76,354,1872.03,746.29,97.21,2715.53,605.2,9.9,67.11,No prazo,true,Mercado Vale Verde
ENT-00377,2026-08-19T13:45:00,HUB-GO-01,HUB-SP-01,RTA-GO-01-SP-01-FER,Ferrovia,SerraSul Cargas,67.29,1094,3610.47,472.3,15.54,4098.31,885.4,26.3,92.99,No prazo,true,Mercado Vale Verde
ENT-00378,2026-08-19T19:15:00,HUB-PE-01,HUB-CE-01,RTA-PE-01-CE-01-CAM,Caminhão,CostaBrava Log,84.21,1393,8592.22,3646.34,133.85,12372.41,746.6,15.9,74.08,No prazo,true,Farmácia Sol Nascente
ENT-00379,2026-08-19T19:45:00,HUB-PA-01,HUB-CE-01,RTA-PA-01-CE-01-BAL,Balsa,RioNorte Express,20.8,341,1723.73,449.11,33.07,2205.91,1593.7,73.1,59.85,Atrasada,false,Casa Norte Atacado
ENT-00380,2026-08-19T19:45:00,HUB-DF-01,HUB-SP-01,RTA-DF-01-SP-01-CAM,Caminhão,Atlântica Cargo,34.46,524,3114.97,1291.75,240.59,4647.31,1127.9,14.3,68.1,No prazo,true,Indústria Brisa Alimentos
ENT-00381,2026-08-19T10:15:00,HUB-RJ-01,HUB-BA-01,RTA-RJ-01-BA-01-CAB,Cabotagem,VerdeMar Shipping,42.73,555,2975.41,603.01,23.15,3601.57,1174.7,53.7,75.62,No prazo,true,Farmácia Sol Nascente
ENT-00382,2026-08-19T10:00:00,HUB-PA-01,HUB-CE-01,RTA-PA-01-CE-01-BAL,Balsa,RioNorte Express,48.21,630,3432.7,835.11,29.9,4297.71,1660.9,61.8,74.89,No prazo,true,Casa Norte Atacado
ENT-00383,2026-08-20T15:15:00,HUB-BA-01,HUB-PE-01,RTA-BA-01-PE-01-CAM,Caminhão,CostaBrava Log,60.48,756,6297.82,2520.05,138.66,8956.53,891.6,16.1,68.44,No prazo,true,Mercado Vale Verde
ENT-00384,2026-08-20T09:15:00,HUB-DF-01,HUB-SP-01,RTA-DF-01-SP-01-CAM,Caminhão,Atlântica Cargo,29.98,487,3094.83,1189.64,191.75,4476.22,1014.0,15.9,70.16,No prazo,true,Casa Norte Atacado
ENT-00385,2026-08-20T07:00:00,HUB-MT-01,HUB-SP-02,RTA-MT-01-SP-02-CAM,Caminhão,SerraSul Cargas,34.96,515,2830.09,1205.21,283.04,4318.34,1756.6,28.1,62.33,No prazo,true,Mercado Vale Verde
ENT-00386,2026-08-20T06:30:00,HUB-DF-01,HUB-SP-01,RTA-DF-01-SP-01-CAM,Caminhão,Atlântica Cargo,36.63,577,3061.3,1062.98,185.18,4309.46,1094.9,15.3,65.58,No prazo,true,Indústria Brisa Alimentos
ENT-00387,2026-08-20T16:00:00,HUB-AM-01,HUB-MT-01,RTA-AM-01-MT-01-BAL,Balsa,RioNorte Express,21.29,308,1855.73,477.83,37.69,2371.25,1815.7,79.0,79.31,No prazo,true,Casa Norte Atacado
ENT-00388,2026-08-20T13:30:00,HUB-RJ-01,HUB-BA-01,RTA-RJ-01-BA-01-CAB,Cabotagem,VerdeMar Shipping,45.57,792,3336.07,550.19,25.71,3911.97,1300.9,51.1,72.53,No prazo,true,Construtora Horizonte
ENT-00389,2026-08-20T18:30:00,HUB-PA-01,HUB-CE-01,RTA-PA-01-CE-01-BAL,Balsa,RioNorte Express,32.06,424,2992.85,741.44,24.9,3759.19,1490.6,84.4,76.01,Atrasada,false,Indústria Brisa Alimentos
ENT-00390,2026-08-21T14:15:00,HUB-MT-01,HUB-SP-02,RTA-MT-01-SP-02-CAM,Caminhão,SerraSul Cargas,59.76,1049,6357.32,2474.81,339.45,9171.58,1679.0,34.4,58.9,Atrasada,false,Casa Norte Atacado
ENT-00391,2026-08-21T11:30:00,HUB-SP-01,HUB-MG-01,RTA-SP-01-MG-01-CAM,Caminhão,SerraSul Cargas,49.15,824,4661.11,1777.7,91.18,6529.99,619.1,8.6,61.45,No prazo,true,Indústria Brisa Alimentos
ENT-00392,2026-08-21T05:15:00,HUB-RJ-01,HUB-BA-01,RTA-RJ-01-BA-01-CAB,Cabotagem,VerdeMar Shipping,44.41,667,3088.13,547.71,25.76,3661.6,1181.7,38.8,91.21,No prazo,true,Mercado Vale Verde
ENT-00393,2026-08-21T18:00:00,HUB-AM-01,HUB-PA-01,RTA-AM-01-PA-01-BAR,Barco,RioNorte Express,46.74,749,3511.74,788.32,22.72,4322.78,1081.2,42.3,86.7,No prazo,true,Construtora Horizonte
ENT-00394,2026-08-21T09:30:00,HUB-SP-02,HUB-AM-01,RTA-SP-02-AM-01-BAR,Barco,RioNorte Express,76.56,1063,6252.56,1512.96,73.57,7839.09,3184.2,114.8,70.99,No prazo,true,Casa Norte Atacado
ENT-00395,2026-08-21T13:45:00,HUB-AM-01,HUB-PA-01,RTA-AM-01-PA-01-BAR,Barco,RioNorte Express,49.61,754,3146.95,643.32,20.79,3811.06,934.1,39.7,71.63,No prazo,true,Casa Norte Atacado
ENT-00396,2026-08-21T19:00:00,HUB-GO-01,HUB-SP-01,RTA-GO-01-SP-01-FER,Ferrovia,SerraSul Cargas,39.01,573,1951.15,253.51,22.01,2226.67,988.0,32.0,94.6,Atrasada,false,Farmácia Sol Nascente
ENT-00397,2026-08-21T09:15:00,HUB-AM-01,HUB-MT-01,RTA-AM-01-MT-01-BAL,Balsa,RioNorte Express,28.32,397,2213.25,521.53,42.8,2777.58,1931.7,84.2,98.84,No prazo,true,Rede SuperLeste
ENT-00398,2026-08-21T06:00:00,HUB-SP-01,HUB-RJ-01,RTA-SP-01-RJ-01-CAM,Caminhão,Atlântica Cargo,43.97,755,3504.36,1480.84,83.87,5069.07,405.6,7.5,85.8,No prazo,true,Construtora Horizonte
ENT-00399,2026-08-21T13:15:00,HUB-RJ-01,HUB-BA-01,RTA-RJ-01-BA-01-CAB,Cabotagem,VerdeMar Shipping,78.14,948,4566.62,781.01,23.52,5371.15,1286.0,49.1,62.82,No prazo,true,Mercado Vale Verde
ENT-00400,2026-08-21T14:15:00,HUB-SP-02,HUB-AM-01,RTA-SP-02-AM-01-BAR,Barco,RioNorte Express,21.88,344,1586.12,341.84,54.32,1982.28,3170.7,114.8,74.88,No prazo,true,Mercado Vale Verde
ENT-00401,2026-08-22T19:30:00,HUB-SP-02,HUB-AM-01,RTA-SP-02-AM-01-BAR,Barco,RioNorte Express,89.45,1363,7838.7,1573.82,54.98,9467.5,2883.5,106.9,85.69,No prazo,true,Indústria Brisa Alimentos
ENT-00402,2026-08-22T19:00:00,HUB-AM-01,HUB-PA-01,RTA-AM-01-PA-01-BAR,Barco,RioNorte Express,35.97,595,2957.05,709.82,21.78,3688.65,1060.2,32.7,82.62,No prazo,true,Farmácia Sol Nascente
ENT-00403,2026-08-22T15:45:00,HUB-SP-02,HUB-AM-01,RTA-SP-02-AM-01-BAR,Barco,RioNorte Express,70.35,1167,4701.85,1162.6,56.79,5921.24,3143.7,189.4,74.25,Atrasada,false,Farmácia Sol Nascente
ENT-00404,2026-08-23T08:30:00,HUB-SP-01,HUB-RJ-01,RTA-SP-01-RJ-01-CAM,Caminhão,Atlântica Cargo,25.56,380,2302.11,913.0,84.56,3299.67,468.3,7.4,75.33,No prazo,true,Construtora Horizonte
ENT-00405,2026-08-23T18:30:00,HUB-DF-01,HUB-BA-01,RTA-DF-01-BA-01-CAM,Caminhão,Atlântica Cargo,71.09,1080,6908.18,2722.2,308.38,9938.76,1440.2,31.5,64.88,Atrasada,false,Construtora Horizonte
ENT-00406,2026-08-23T08:45:00,HUB-BA-01,HUB-PE-01,RTA-BA-01-PE-01-CAM,Caminhão,CostaBrava Log,29.6,474,2951.87,1041.6,167.66,4161.13,897.0,16.0,76.48,No prazo,true,Mercado Vale Verde
ENT-00407,2026-08-24T05:15:00,HUB-SP-01,HUB-PR-01,RTA-SP-01-PR-01-CAM,Caminhão,Atlântica Cargo,22.66,286,1996.97,776.74,85.04,2858.75,444.0,12.4,84.98,Atrasada,false,Rede SuperLeste
ENT-00408,2026-08-24T18:30:00,HUB-SP-02,HUB-PE-01,RTA-SP-02-PE-01-CAB,Cabotagem,VerdeMar Shipping,61.63,883,4143.5,730.28,46.85,4920.63,2278.3,87.2,86.93,Atrasada,false,Casa Norte Atacado
ENT-00409,2026-08-24T08:30:00,HUB-MT-01,HUB-SP-02,RTA-MT-01-SP-02-CAM,Caminhão,SerraSul Cargas,58.97,888,4891.19,2091.48,374.83,7357.5,1754.1,31.1,82.53,Parcial,false,Casa Norte Atacado
ENT-00410,2026-08-24T11:45:00,HUB-SP-02,HUB-RS-01,RTA-SP-02-RS-01-CAB,Cabotagem,VerdeMar Shipping,74.81,1074,4300.71,802.21,23.05,5125.97,1082.0,40.9,78.06,No prazo,true,Indústria Brisa Alimentos
ENT-00411,2026-08-24T07:15:00,HUB-MG-01,HUB-GO-01,RTA-MG-01-GO-01-CAM,Caminhão,SerraSul Cargas,28.34,509,2161.19,0.0,152.83,458.46,780.0,11.2,0.0,Cancelada,false,Rede SuperLeste
ENT-00412,2026-08-24T12:15:00,HUB-RJ-01,HUB-BA-01,RTA-RJ-01-BA-01-CAB,Cabotagem,VerdeMar Shipping,86.97,1509,5920.74,1080.23,24.65,7025.62,1270.9,70.3,78.8,Atrasada,false,Farmácia Sol Nascente
ENT-00413,2026-08-24T08:45:00,HUB-MT-01,HUB-SP-02,RTA-MT-01-SP-02-CAM,Caminhão,SerraSul Cargas,56.72,968,5399.23,2126.68,265.41,7791.32,1557.4,27.7,82.55,No prazo,true,Rede SuperLeste
ENT-00414,2026-08-24T12:45:00,HUB-SP-01,HUB-MG-01,RTA-SP-01-MG-01-CAM,Caminhão,SerraSul Cargas,66.92,1014,5614.45,2195.87,115.06,7925.38,633.3,10.4,69.41,No prazo,true,Rede SuperLeste
ENT-00415,2026-08-24T20:30:00,HUB-PE-01,HUB-CE-01,RTA-PE-01-CE-01-CAM,Caminhão,CostaBrava Log,82.35,1026,6679.61,2317.92,141.3,9138.83,837.4,15.3,72.81,No prazo,true,Farmácia Sol Nascente
ENT-00416,2026-08-25T20:15:00,HUB-SP-01,HUB-PR-01,RTA-SP-01-PR-01-CAM,Caminhão,Atlântica Cargo,71.48,981,7171.49,2947.93,70.16,10189.58,380.1,8.6,61.04,No prazo,true,Construtora Horizonte
ENT-00417,2026-08-25T13:00:00,HUB-SP-01,HUB-RJ-01,RTA-SP-01-RJ-01-CAM,Caminhão,Atlântica Cargo,84.35,1421,6833.08,2665.12,92.24,9590.44,449.3,7.4,70.16,No prazo,true,Rede SuperLeste
ENT-00418,2026-08-25T21:00:00,HUB-SP-01,HUB-MG-01,RTA-SP-01-MG-01-CAM,Caminhão,SerraSul Cargas,29.7,461,3002.77,1101.47,107.16,4211.4,551.1,9.4,75.73,No prazo,true,Indústria Brisa Alimentos
ENT-00419,2026-08-25T16:00:00,HUB-SP-01,HUB-PR-01,RTA-SP-01-PR-01-CAM,Caminhão,Atlântica Cargo,82.81,1289,8317.31,3170.81,76.29,11564.41,444.6,8.3,63.29,No prazo,true,Rede SuperLeste
ENT-00420,2026-08-25T17:45:00,HUB-SP-02,HUB-AM-01,RTA-SP-02-AM-01-BAR,Barco,RioNorte Express,83.84,1032,6366.82,1592.68,73.41,8032.91,3139.7,126.7,65.74,No prazo,true,Indústria Brisa Alimentos
ENT-00421,2026-08-25T18:30:00,HUB-SP-01,HUB-MG-01,RTA-SP-01-MG-01-CAM,Caminhão,SerraSul Cargas,76.31,921,7393.81,3204.24,123.86,10721.91,641.2,9.4,90.45,No prazo,true,Indústria Brisa Alimentos
ENT-00422,2026-08-25T10:30:00,HUB-SP-02,HUB-AM-01,RTA-SP-02-AM-01-BAR,Barco,RioNorte Express,82.52,1116,6716.26,1419.14,68.7,8204.1,3214.2,171.2,83.13,Atrasada,false,Construtora Horizonte
ENT-00423,2026-08-25T06:15:00,HUB-SP-01,HUB-RJ-01,RTA-SP-01-RJ-01-CAM,Caminhão,Atlântica Cargo,18.57,230,1885.49,707.8,84.57,2677.86,431.0,8.1,70.97,No prazo,true,Construtora Horizonte
ENT-00424,2026-08-25T08:15:00,HUB-DF-01,HUB-BA-01,RTA-DF-01-BA-01-CAM,Caminhão,Atlântica Cargo,65.44,832,6436.54,2751.56,290.35,9478.45,1571.5,20.4,73.37,Parcial,false,Indústria Brisa Alimentos
ENT-00425,2026-08-26T06:45:00,HUB-PR-01,HUB-RS-01,RTA-PR-01-RS-01-FER,Ferrovia,SerraSul Cargas,92.83,1469,4584.99,722.68,17.38,5325.05,784.2,17.7,75.62,No prazo,true,Farmácia Sol Nascente
ENT-00426,2026-08-26T20:00:00,HUB-AM-01,HUB-PA-01,RTA-AM-01-PA-01-BAR,Barco,RioNorte Express,25.33,449,1803.59,449.22,19.91,2272.72,953.5,37.5,82.79,No prazo,true,Mercado Vale Verde
ENT-00427,2026-08-26T20:15:00,HUB-GO-01,HUB-SP-01,RTA-GO-01-SP-01-FER,Ferrovia,SerraSul Cargas,53.93,845,2652.44,337.44,13.88,3003.76,837.7,23.0,75.81,No prazo,true,Rede SuperLeste
ENT-00428,2026-08-26T18:45:00,HUB-DF-01,HUB-BA-01,RTA-DF-01-BA-01-CAM,Caminhão,Atlântica Cargo,80.5,1287,8583.21,3404.02,253.82,12241.05,1401.5,33.8,55.56,Atrasada,false,Rede SuperLeste
ENT-00429,2026-08-26T17:00:00,HUB-RJ-01,HUB-BA-01,RTA-RJ-01-BA-01-CAB,Cabotagem,VerdeMar Shipping,81.21,1237,5897.23,1083.28,22.69,7003.2,1104.8,54.3,85.79,No prazo,true,Rede SuperLeste
ENT-00430,2026-08-26T06:45:00,HUB-SP-01,HUB-PR-01,RTA-SP-01-PR-01-CAM,Caminhão,Atlântica Cargo,61.35,870,6340.53,2626.52,73.73,9040.78,447.2,7.0,67.63,No prazo,true,Rede SuperLeste
ENT-00431,2026-08-26T12:45:00,HUB-SP-02,HUB-PE-01,RTA-SP-02-PE-01-CAB,Cabotagem,VerdeMar Shipping,74.32,1291,3995.84,761.11,50.36,4807.31,2301.5,72.9,81.76,No prazo,true,Farmácia Sol Nascente
ENT-00432,2026-08-26T06:45:00,HUB-SP-01,HUB-RJ-01,RTA-SP-01-RJ-01-CAM,Caminhão,Atlântica Cargo,54.22,750,5069.27,2213.26,64.75,7347.28,441.5,8.9,75.54,No prazo,true,Casa Norte Atacado
ENT-00433,2026-08-26T05:45:00,HUB-SP-02,HUB-RS-01,RTA-SP-02-RS-01-CAB,Cabotagem,VerdeMar Shipping,71.08,1076,4322.7,844.43,21.77,5188.9,1218.8,48.1,91.2,No prazo,true,Construtora Horizonte
ENT-00434,2026-08-27T08:00:00,HUB-SP-02,HUB-RS-01,RTA-SP-02-RS-01-CAB,Cabotagem,VerdeMar Shipping,70.69,854,4730.08,786.98,24.05,5541.11,1151.2,57.1,84.42,Atrasada,false,Farmácia Sol Nascente
ENT-00435,2026-08-27T15:15:00,HUB-MT-01,HUB-SP-02,RTA-MT-01-SP-02-CAM,Caminhão,SerraSul Cargas,59.25,733,6525.31,2689.1,267.46,9481.87,1546.5,26.1,80.91,No prazo,true,Casa Norte Atacado
ENT-00436,2026-08-27T08:45:00,HUB-MT-01,HUB-SP-02,RTA-MT-01-SP-02-CAM,Caminhão,SerraSul Cargas,40.48,515,4259.5,1680.69,268.06,6208.25,1526.7,31.4,80.4,Atrasada,false,Mercado Vale Verde
ENT-00437,2026-08-27T11:15:00,HUB-SP-01,HUB-RJ-01,RTA-SP-01-RJ-01-CAM,Caminhão,Atlântica Cargo,50.63,609,5082.53,2166.46,71.5,7320.49,411.0,6.8,76.47,No prazo,true,Rede SuperLeste
ENT-00438,2026-08-27T14:30:00,HUB-SP-02,HUB-AM-01,RTA-SP-02-AM-01-BAR,Barco,RioNorte Express,55.4,744,4389.12,1042.18,61.86,5493.16,2960.2,136.3,63.51,No prazo,true,Farmácia Sol Nascente
ENT-00439,2026-08-27T13:00:00,HUB-SP-01,HUB-RJ-01,RTA-SP-01-RJ-01-CAM,Caminhão,Atlântica Cargo,33.79,429,3058.64,1267.22,80.68,4406.54,441.2,6.9,73.96,No prazo,true,Mercado Vale Verde
ENT-00440,2026-08-27T11:45:00,HUB-SP-01,HUB-MG-01,RTA-SP-01-MG-01-CAM,Caminhão,SerraSul Cargas,28.0,477,2240.05,962.45,94.55,3297.05,639.3,9.6,86.15,No prazo,true,Indústria Brisa Alimentos
ENT-00441,2026-08-28T19:30:00,HUB-MT-01,HUB-SP-02,RTA-MT-01-SP-02-CAM,Caminhão,SerraSul Cargas,77.64,1142,7735.91,2761.83,221.3,10719.04,1514.8,23.4,67.56,No prazo,true,Farmácia Sol Nascente
ENT-00442,2026-08-28T12:00:00,HUB-SP-02,HUB-PE-01,RTA-SP-02-PE-01-CAB,Cabotagem,VerdeMar Shipping,72.85,1016,3938.51,768.79,54.34,4761.64,2366.7,72.0,77.68,No prazo,true,Farmácia Sol Nascente
ENT-00443,2026-08-28T15:15:00,HUB-MT-01,HUB-SP-02,RTA-MT-01-SP-02-CAM,Caminhão,SerraSul Cargas,21.64,316,1882.87,710.75,274.43,2868.05,1550.8,28.7,73.92,No prazo,true,Casa Norte Atacado
ENT-00444,2026-08-28T10:15:00,HUB-BA-01,HUB-PE-01,RTA-BA-01-PE-01-CAM,Caminhão,CostaBrava Log,22.0,282,1728.05,647.4,190.34,2565.79,915.9,14.7,78.97,No prazo,true,Casa Norte Atacado
ENT-00445,2026-08-28T12:15:00,HUB-PA-01,HUB-CE-01,RTA-PA-01-CE-01-BAL,Balsa,RioNorte Express,52.96,909,4164.46,903.15,29.94,5097.55,1541.3,57.0,82.73,No prazo,true,Construtora Horizonte
ENT-00446,2026-08-28T08:45:00,HUB-DF-01,HUB-SP-01,RTA-DF-01-SP-01-CAM,Caminhão,Atlântica Cargo,45.99,564,4338.1,1659.07,194.7,6191.87,1129.4,26.3,66.13,Atrasada,false,Farmácia Sol Nascente
ENT-00447,2026-08-28T19:00:00,HUB-SP-02,HUB-RS-01,RTA-SP-02-RS-01-CAB,Cabotagem,VerdeMar Shipping,63.73,769,3323.39,582.63,24.85,3930.87,1173.0,49.3,86.66,No prazo,true,Farmácia Sol Nascente
ENT-00448,2026-08-28T17:30:00,HUB-PR-01,HUB-RS-01,RTA-PR-01-RS-01-FER,Ferrovia,SerraSul Cargas,31.38,508,1663.58,250.6,10.88,1925.06,679.5,21.6,83.55,No prazo,true,Construtora Horizonte
ENT-00449,2026-08-28T16:00:00,HUB-SP-01,HUB-RJ-01,RTA-SP-01-RJ-01-CAM,Caminhão,Atlântica Cargo,46.54,633,4898.06,2041.66,71.47,7011.19,477.0,8.1,81.76,No prazo,true,Casa Norte Atacado
ENT-00450,2026-08-29T12:00:00,HUB-AM-01,HUB-PA-01,RTA-AM-01-PA-01-BAR,Barco,RioNorte Express,68.4,970,4128.67,978.55,16.51,5123.73,936.0,39.1,68.01,Parcial,false,Rede SuperLeste
ENT-00451,2026-08-29T07:30:00,HUB-GO-01,HUB-SP-01,RTA-GO-01-SP-01-FER,Ferrovia,SerraSul Cargas,93.06,1440,5447.19,729.33,18.62,6195.14,989.5,21.1,76.52,No prazo,true,Indústria Brisa Alimentos
ENT-00452,2026-08-29T07:15:00,HUB-PR-01,HUB-RS-01,RTA-PR-01-RS-01-FER,Ferrovia,SerraSul Cargas,59.34,1007,3359.48,529.05,14.12,3902.65,720.0,19.4,91.51,No prazo,true,Farmácia Sol Nascente
ENT-00453,2026-08-29T05:30:00,HUB-SP-01,HUB-MG-01,RTA-SP-01-MG-01-CAM,Caminhão,SerraSul Cargas,44.18,577,3541.68,1248.95,99.72,4890.35,644.8,8.2,74.56,Parcial,false,Farmácia Sol Nascente
ENT-00454,2026-08-29T21:30:00,HUB-SP-01,HUB-PR-01,RTA-SP-01-PR-01-CAM,Caminhão,Atlântica Cargo,54.28,694,5258.62,1944.08,60.24,7262.94,405.6,9.1,75.93,Atrasada,false,Farmácia Sol Nascente
ENT-00455,2026-08-29T13:15:00,HUB-MT-01,HUB-SP-02,RTA-MT-01-SP-02-CAM,Caminhão,SerraSul Cargas,61.94,1035,6155.93,2426.08,289.83,8871.84,1637.7,29.3,53.45,No prazo,true,Farmácia Sol Nascente
ENT-00456,2026-08-30T10:15:00,HUB-SP-01,HUB-PR-01,RTA-SP-01-PR-01-CAM,Caminhão,Atlântica Cargo,69.57,854,5644.1,2425.79,79.31,8149.2,406.2,7.3,63.11,No prazo,true,Mercado Vale Verde
ENT-00457,2026-08-30T10:30:00,HUB-SP-02,HUB-RS-01,RTA-SP-02-RS-01-CAB,Cabotagem,VerdeMar Shipping,23.87,331,1271.3,238.13,16.93,1526.36,1039.8,39.1,74.63,No prazo,true,Casa Norte Atacado
ENT-00458,2026-08-30T15:30:00,HUB-AM-01,HUB-MT-01,RTA-AM-01-MT-01-BAL,Balsa,RioNorte Express,45.11,676,3538.74,765.28,39.5,4343.52,1803.2,73.5,85.54,Parcial,false,Farmácia Sol Nascente
ENT-00459,2026-08-30T06:15:00,HUB-DF-01,HUB-SP-01,RTA-DF-01-SP-01-CAM,Caminhão,Atlântica Cargo,82.96,1370,8650.38,3557.14,237.76,12445.28,1130.0,18.0,68.68,No prazo,true,Rede SuperLeste
ENT-00460,2026-08-30T12:30:00,HUB-MT-01,HUB-SP-02,RTA-MT-01-SP-02-CAM,Caminhão,SerraSul Cargas,38.64,556,3245.79,1127.03,333.19,4706.01,1752.0,27.2,74.73,No prazo,true,Mercado Vale Verde
ENT-00461,2026-08-31T17:15:00,HUB-SP-01,HUB-MG-01,RTA-SP-01-MG-01-CAM,Caminhão,SerraSul Cargas,74.91,1203,6565.29,2551.23,120.84,9237.36,644.7,11.2,67.95,No prazo,true,Rede SuperLeste
ENT-00462,2026-08-31T19:45:00,HUB-DF-01,HUB-SP-01,RTA-DF-01-SP-01-CAM,Caminhão,Atlântica Cargo,42.77,608,4715.96,2004.56,148.31,6868.83,986.7,16.2,70.78,No prazo,true,Farmácia Sol Nascente
ENT-00463,2026-08-31T07:45:00,HUB-SP-02,HUB-AM-01,RTA-SP-02-AM-01-BAR,Barco,RioNorte Express,82.78,1475,5523.19,1271.96,51.98,6847.13,3114.8,224.6,80.68,Atrasada,false,Casa Norte Atacado
ENT-00464,2026-08-31T20:00:00,HUB-SP-01,HUB-RJ-01,RTA-SP-01-RJ-01-CAM,Caminhão,Atlântica Cargo,60.8,829,5929.94,2543.43,65.02,8538.39,410.6,10.0,80.85,Atrasada,false,Indústria Brisa Alimentos
ENT-00465,2026-08-31T14:45:00,HUB-MG-01,HUB-GO-01,RTA-MG-01-GO-01-CAM,Caminhão,SerraSul Cargas,38.36,589,2839.74,1042.05,159.5,4041.29,749.4,10.7,76.14,No prazo,true,Mercado Vale Verde
ENT-00466,2026-08-31T18:30:00,HUB-GO-01,HUB-SP-01,RTA-GO-01-SP-01-FER,Ferrovia,SerraSul Cargas,73.7,992,4667.49,599.0,18.45,5284.94,840.0,21.6,69.21,No prazo,true,Rede SuperLeste
ENT-00467,2026-08-31T16:15:00,HUB-BA-01,HUB-PE-01,RTA-BA-01-PE-01-CAM,Caminhão,CostaBrava Log,83.28,1408,6134.26,2249.16,155.3,8538.72,835.5,16.1,77.08,No prazo,true,Casa Norte Atacado
ENT-00468,2026-09-01T08:15:00,HUB-AM-01,HUB-PA-01,RTA-AM-01-PA-01-BAR,Barco,RioNorte Express,69.72,1236,5226.37,1056.91,15.99,6299.27,911.1,35.6,85.95,No prazo,true,Construtora Horizonte
ENT-00469,2026-09-01T14:30:00,HUB-AM-01,HUB-PA-01,RTA-AM-01-PA-01-BAR,Barco,RioNorte Express,45.06,769,3445.7,750.95,21.46,4218.11,1058.4,35.3,75.01,No prazo,true,Farmácia Sol Nascente
ENT-00470,2026-09-01T21:00:00,HUB-PA-01,HUB-CE-01,RTA-PA-01-CE-01-BAL,Balsa,RioNorte Express,79.7,1034,7104.58,1873.52,31.56,9009.66,1541.7,57.6,82.03,No prazo,true,Farmácia Sol Nascente
ENT-00471,2026-09-01T14:00:00,HUB-PR-01,HUB-RS-01,RTA-PR-01-RS-01-FER,Ferrovia,SerraSul Cargas,26.59,449,1257.68,174.43,17.68,1449.79,784.3,24.4,87.34,Atrasada,false,Rede SuperLeste
ENT-00472,2026-09-01T08:00:00,HUB-MG-01,HUB-GO-01,RTA-MG-01-GO-01-CAM,Caminhão,SerraSul Cargas,32.9,563,2565.7,909.21,105.05,3579.96,701.9,11.6,63.24,No prazo,true,Casa Norte Atacado
ENT-00473,2026-09-01T08:00:00,HUB-RJ-01,HUB-BA-01,RTA-RJ-01-BA-01-CAB,Cabotagem,VerdeMar Shipping,79.05,968,5179.29,852.86,19.15,6051.3,1129.9,51.6,77.94,No prazo,true,Construtora Horizonte
ENT-00474,2026-09-01T10:15:00,HUB-SP-02,HUB-PE-01,RTA-SP-02-PE-01-CAB,Cabotagem,VerdeMar Shipping,90.14,1181,6394.63,1306.95,51.4,7752.98,2178.7,65.8,81.33,No prazo,true,Construtora Horizonte
ENT-00475,2026-09-01T11:45:00,HUB-MT-01,HUB-SP-02,RTA-MT-01-SP-02-CAM,Caminhão,SerraSul Cargas,24.64,381,2155.58,794.93,310.39,3260.9,1485.7,25.0,47.4,No prazo,true,Indústria Brisa Alimentos
ENT-00476,2026-09-01T15:00:00,HUB-BA-01,HUB-PE-01,RTA-BA-01-PE-01-CAM,Caminhão,CostaBrava Log,30.4,487,3171.48,1212.42,143.16,4527.06,790.8,16.6,65.39,No prazo,true,Farmácia Sol Nascente
ENT-00477,2026-09-02T19:15:00,HUB-GO-01,HUB-SP-01,RTA-GO-01-SP-01-FER,Ferrovia,SerraSul Cargas,58.9,834,2696.59,386.37,16.6,3099.56,870.1,25.2,63.84,No prazo,true,Construtora Horizonte
ENT-00478,2026-09-02T20:00:00,HUB-PA-01,HUB-CE-01,RTA-PA-01-CE-01-BAL,Balsa,RioNorte Express,83.99,1223,7417.28,2020.06,33.07,9470.41,1746.2,65.4,81.93,No prazo,true,Farmácia Sol Nascente
ENT-00479,2026-09-02T15:15:00,HUB-PR-01,HUB-RS-01,RTA-PR-01-RS-01-FER,Ferrovia,SerraSul Cargas,71.44,893,3740.37,484.6,15.76,4240.73,673.6,18.5,81.26,Parcial,false,Construtora Horizonte
ENT-00480,2026-09-02T17:30:00,HUB-MG-01,HUB-GO-01,RTA-MG-01-GO-01-CAM,Caminhão,SerraSul Cargas,45.09,604,4444.5,1843.43,138.88,6426.81,743.7,18.8,70.54,Atrasada,false,Farmácia Sol Nascente
ENT-00481,2026-09-02T06:00:00,HUB-BA-01,HUB-PE-01,RTA-BA-01-PE-01-CAM,Caminhão,CostaBrava Log,81.66,1463,7150.68,2528.54,153.91,9833.13,858.7,13.1,73.58,No prazo,true,Farmácia Sol Nascente
ENT-00482,2026-09-02T19:15:00,HUB-BA-01,HUB-PE-01,RTA-BA-01-PE-01-CAM,Caminhão,CostaBrava Log,83.13,1188,7722.03,2711.6,132.6,10566.23,886.9,19.1,92.35,Atrasada,false,Indústria Brisa Alimentos
ENT-00483,2026-09-02T15:45:00,HUB-DF-01,HUB-BA-01,RTA-DF-01-BA-01-CAM,Caminhão,Atlântica Cargo,50.85,690,4815.62,2082.73,208.27,7106.62,1423.8,26.4,52.9,No prazo,true,Farmácia Sol Nascente
ENT-00484,2026-09-03T08:45:00,HUB-SP-01,HUB-RJ-01,RTA-SP-01-RJ-01-CAM,Caminhão,Atlântica Cargo,29.85,476,2501.06,957.69,77.02,3535.77,462.6,9.1,79.46,No prazo,true,Rede SuperLeste
ENT-00485,2026-09-03T06:00:00,HUB-MT-01,HUB-SP-02,RTA-MT-01-SP-02-CAM,Caminhão,SerraSul Cargas,54.14,802,4477.87,1643.48,310.09,6431.44,1662.2,30.8,61.27,Atrasada,false,Construtora Horizonte
ENT-00486,2026-09-03T16:45:00,HUB-SP-01,HUB-RJ-01,RTA-SP-01-RJ-01-CAM,Caminhão,Atlântica Cargo,74.07,1043,8039.65,3010.2,69.37,11119.22,459.4,6.7,80.39,No prazo,true,Indústria Brisa Alimentos
ENT-00487,2026-09-03T18:45:00,HUB-SP-01,HUB-RJ-01,RTA-SP-01-RJ-01-CAM,Caminhão,Atlântica Cargo,34.36,460,3491.64,1482.37,64.31,5038.32,422.4,6.8,76.4,No prazo,true,Indústria Brisa Alimentos
ENT-00488,2026-09-03T11:30:00,HUB-SP-01,HUB-RJ-01,RTA-SP-01-RJ-01-CAM,Caminhão,Atlântica Cargo,49.47,600,4411.5,1549.69,75.75,6036.94,422.8,8.2,80.8,No prazo,true,Farmácia Sol Nascente
ENT-00489,2026-09-03T14:30:00,HUB-GO-01,HUB-SP-01,RTA-GO-01-SP-01-FER,Ferrovia,SerraSul Cargas,79.64,1117,4188.15,600.55,21.14,4809.84,928.2,22.3,81.99,No prazo,true,Casa Norte Atacado
ENT-00490,2026-09-03T21:45:00,HUB-SP-02,HUB-AM-01,RTA-SP-02-AM-01-BAR,Barco,RioNorte Express,64.89,1091,5356.72,1230.98,67.16,6654.86,3239.2,148.1,61.23,No prazo,true,Farmácia Sol Nascente
ENT-00491,2026-09-03T10:00:00,HUB-SP-02,HUB-RS-01,RTA-SP-02-RS-01-CAB,Cabotagem,VerdeMar Shipping,82.0,1304,4804.4,895.05,18.98,5718.43,1078.4,47.1,67.7,No prazo,true,Rede SuperLeste
ENT-00492,2026-09-03T18:00:00,HUB-BA-01,HUB-PE-01,RTA-BA-01-PE-01-CAM,Caminhão,CostaBrava Log,75.8,1171,7331.15,2832.71,171.0,10334.86,808.6,17.3,78.26,No prazo,true,Construtora Horizonte
ENT-00493,2026-09-03T14:15:00,HUB-SP-02,HUB-PE-01,RTA-SP-02-PE-01-CAB,Cabotagem,VerdeMar Shipping,56.33,757,3993.9,720.75,53.83,4768.48,2352.4,105.3,88.82,Atrasada,false,Indústria Brisa Alimentos
ENT-00494,2026-09-04T06:15:00,HUB-SP-02,HUB-RS-01,RTA-SP-02-RS-01-CAB,Cabotagem,VerdeMar Shipping,39.08,504,2187.08,402.08,24.36,2613.52,1018.1,47.0,71.24,No prazo,true,Mercado Vale Verde
ENT-00495,2026-09-04T14:00:00,HUB-SP-02,HUB-AM-01,RTA-SP-02-AM-01-BAR,Barco,RioNorte Express,22.95,384,1848.41,370.28,65.87,2284.56,3024.2,166.0,78.61,Atrasada,false,Farmácia Sol Nascente
ENT-00496,2026-09-04T08:30:00,HUB-DF-01,HUB-SP-01,RTA-DF-01-SP-01-CAM,Caminhão,Atlântica Cargo,63.0,1090,6660.7,2427.32,186.85,9274.87,1009.4,19.1,68.03,No prazo,true,Farmácia Sol Nascente
ENT-00497,2026-09-04T10:15:00,HUB-DF-01,HUB-SP-01,RTA-DF-01-SP-01-CAM,Caminhão,Atlântica Cargo,33.95,432,3293.97,1248.56,216.13,4758.66,1092.2,16.0,71.83,No prazo,true,Indústria Brisa Alimentos
ENT-00498,2026-09-04T13:15:00,HUB-PR-01,HUB-RS-01,RTA-PR-01-RS-01-FER,Ferrovia,SerraSul Cargas,40.29,625,2371.07,325.02,14.02,2710.11,722.8,18.3,87.4,No prazo,true,Indústria Brisa Alimentos
ENT-00499,2026-09-04T13:45:00,HUB-PR-01,HUB-RS-01,RTA-PR-01-RS-01-FER,Ferrovia,SerraSul Cargas,49.03,679,2073.04,314.85,16.68,2404.57,744.8,21.9,96.93,No prazo,true,Indústria Brisa Alimentos
ENT-00500,2026-09-04T13:30:00,HUB-DF-01,HUB-BA-01,RTA-DF-01-BA-01-CAM,Caminhão,Atlântica Cargo,64.94,1131,5479.09,2104.13,220.06,7803.28,1522.2,23.7,77.77,Parcial,false,Casa Norte Atacado
ENT-00501,2026-09-04T07:45:00,HUB-SP-01,HUB-PR-01,RTA-SP-01-PR-01-CAM,Caminhão,Atlântica Cargo,68.7,946,6189.95,2303.48,90.65,8584.08,447.7,6.6,61.22,No prazo,true,Farmácia Sol Nascente
ENT-00502,2026-09-04T18:30:00,HUB-PE-01,HUB-CE-01,RTA-PE-01-CE-01-CAM,Caminhão,CostaBrava Log,80.08,1120,5967.59,2131.82,130.82,8230.23,803.6,15.9,58.48,No prazo,true,Farmácia Sol Nascente
ENT-00503,2026-09-04T12:15:00,HUB-BA-01,HUB-PE-01,RTA-BA-01-PE-01-CAM,Caminhão,CostaBrava Log,69.05,1094,6456.16,2209.89,127.31,8793.36,803.7,14.6,66.97,No prazo,true,Construtora Horizonte
ENT-00504,2026-09-04T18:30:00,HUB-BA-01,HUB-PE-01,RTA-BA-01-PE-01-CAM,Caminhão,CostaBrava Log,71.11,989,5787.99,2357.5,173.65,8319.14,853.2,19.8,82.08,Atrasada,false,Mercado Vale Verde
ENT-00505,2026-09-05T10:00:00,HUB-DF-01,HUB-SP-01,RTA-DF-01-SP-01-CAM,Caminhão,Atlântica Cargo,81.3,1406,8815.46,3556.82,184.29,12556.57,974.5,19.7,91.28,No prazo,true,Farmácia Sol Nascente
ENT-00506,2026-09-05T20:00:00,HUB-MT-01,HUB-SP-02,RTA-MT-01-SP-02-CAM,Caminhão,SerraSul Cargas,58.23,750,5863.1,2013.04,325.48,8201.62,1789.7,37.3,57.56,Atrasada,false,Mercado Vale Verde
ENT-00507,2026-09-05T11:45:00,HUB-BA-01,HUB-PE-01,RTA-BA-01-PE-01-CAM,Caminhão,CostaBrava Log,30.77,528,2733.13,968.54,185.95,3887.62,904.2,13.8,47.21,No prazo,true,Mercado Vale Verde
ENT-00508,2026-09-05T05:45:00,HUB-PA-01,HUB-CE-01,RTA-PA-01-CE-01-BAL,Balsa,RioNorte Express,27.78,381,2536.31,604.09,33.41,3173.81,1555.8,59.9,60.7,No prazo,true,Mercado Vale Verde
ENT-00509,2026-09-05T16:00:00,HUB-DF-01,HUB-SP-01,RTA-DF-01-SP-01-CAM,Caminhão,Atlântica Cargo,83.28,1198,7628.63,3041.79,145.1,10815.52,972.1,21.9,68.24,Atrasada,false,Casa Norte Atacado
ENT-00510,2026-09-05T21:45:00,HUB-SP-02,HUB-RS-01,RTA-SP-02-RS-01-CAB,Cabotagem,VerdeMar Shipping,68.44,945,4795.9,897.7,22.68,5716.28,1098.8,40.7,76.97,No prazo,true,Indústria Brisa Alimentos
ENT-00511,2026-09-06T13:30:00,HUB-SP-01,HUB-MG-01,RTA-SP-01-MG-01-CAM,Caminhão,SerraSul Cargas,39.26,596,2993.1,1060.0,113.72,4166.82,550.0,10.5,78.59,Atrasada,false,Construtora Horizonte
ENT-00512,2026-09-06T09:00:00,HUB-SP-02,HUB-AM-01,RTA-SP-02-AM-01-BAR,Barco,RioNorte Express,89.48,1243,5998.88,1469.23,73.74,7541.85,3468.6,163.4,65.13,Atrasada,false,Mercado Vale Verde
ENT-00513,2026-09-06T08:15:00,HUB-SP-02,HUB-PE-01,RTA-SP-02-PE-01-CAB,Cabotagem,VerdeMar Shipping,56.93,739,4102.04,755.89,43.55,4901.48,2229.5,66.5,89.52,No prazo,true,Casa Norte Atacado
ENT-00514,2026-09-06T05:15:00,HUB-AM-01,HUB-PA-01,RTA-AM-01-PA-01-BAR,Barco,RioNorte Express,36.4,498,2899.27,663.87,22.7,3585.84,1065.3,41.7,77.19,No prazo,true,Farmácia Sol Nascente
ENT-00515,2026-09-06T15:15:00,HUB-AM-01,HUB-MT-01,RTA-AM-01-MT-01-BAL,Balsa,RioNorte Express,34.49,516,2668.49,733.51,30.28,3432.28,1783.8,70.1,63.49,No prazo,true,Casa Norte Atacado
ENT-00516,2026-09-06T19:30:00,HUB-SP-01,HUB-MG-01,RTA-SP-01-MG-01-CAM,Caminhão,SerraSul Cargas,73.66,1175,6934.89,2375.56,125.36,9435.81,586.3,11.1,85.78,No prazo,true,Rede SuperLeste
ENT-00517,2026-09-07T17:00:00,HUB-SP-01,HUB-MG-01,RTA-SP-01-MG-01-CAM,Caminhão,SerraSul Cargas,75.84,1274,7509.53,2958.6,106.12,10574.25,566.4,10.6,76.77,No prazo,true,Casa Norte Atacado
ENT-00518,2026-09-07T14:15:00,HUB-DF-01,HUB-SP-01,RTA-DF-01-SP-01-CAM,Caminhão,Atlântica Cargo,28.92,482,2873.85,1015.78,176.97,4066.6,986.8,18.5,74.79,No prazo,true,Indústria Brisa Alimentos
ENT-00519,2026-09-07T18:45:00,HUB-DF-01,HUB-BA-01,RTA-DF-01-BA-01-CAM,Caminhão,Atlântica Cargo,73.75,1111,6811.95,2694.06,255.73,9761.74,1465.8,26.6,71.67,No prazo,true,Casa Norte Atacado
ENT-00520,2026-09-07T14:45:00,HUB-SP-01,HUB-RJ-01,RTA-SP-01-RJ-01-CAM,Caminhão,Atlântica Cargo,40.9,604,3414.27,1328.34,78.55,4821.16,414.9,8.5,54.59,No prazo,true,Farmácia Sol Nascente
ENT-00521,2026-09-07T21:45:00,HUB-SP-01,HUB-MG-01,RTA-SP-01-MG-01-CAM,Caminhão,SerraSul Cargas,71.7,989,6064.48,2217.31,113.23,8395.02,647.8,13.8,60.65,Atrasada,false,Farmácia Sol Nascente
ENT-00522,2026-09-07T10:15:00,HUB-SP-01,HUB-MG-01,RTA-SP-01-MG-01-CAM,Caminhão,SerraSul Cargas,62.28,959,4824.36,1880.67,85.69,6790.72,563.0,8.8,66.25,No prazo,true,Farmácia Sol Nascente
ENT-00523,2026-09-07T07:30:00,HUB-SP-01,HUB-RJ-01,RTA-SP-01-RJ-01-CAM,Caminhão,Atlântica Cargo,45.89,744,4771.66,1835.87,85.43,6692.96,422.6,10.6,60.07,Atrasada,false,Rede SuperLeste
ENT-00524,2026-09-07T20:30:00,HUB-SP-01,HUB-MG-01,RTA-SP-01-MG-01-CAM,Caminhão,SerraSul Cargas,53.8,647,4860.02,1981.54,113.0,6954.56,547.1,8.5,87.91,Parcial,false,Construtora Horizonte
ENT-00525,2026-09-07T11:00:00,HUB-MG-01,HUB-GO-01,RTA-MG-01-GO-01-CAM,Caminhão,SerraSul Cargas,59.32,957,5923.18,2075.04,126.56,8124.78,823.3,13.6,77.02,No prazo,true,Mercado Vale Verde
ENT-00526,2026-09-07T18:00:00,HUB-GO-01,HUB-SP-01,RTA-GO-01-SP-01-FER,Ferrovia,SerraSul Cargas,31.88,428,1739.45,224.41,21.46,1985.32,968.7,26.3,93.43,No prazo,true,Casa Norte Atacado
ENT-00527,2026-09-07T05:00:00,HUB-SP-02,HUB-PE-01,RTA-SP-02-PE-01-CAB,Cabotagem,VerdeMar Shipping,32.44,526,2311.53,435.34,43.11,2789.98,2448.1,75.9,62.55,No prazo,true,Rede SuperLeste
ENT-00528,2026-09-08T20:15:00,HUB-SP-01,HUB-PR-01,RTA-SP-01-PR-01-CAM,Caminhão,Atlântica Cargo,74.86,1229,6379.96,2477.42,76.27,8933.65,426.1,7.6,63.8,No prazo,true,Rede SuperLeste
ENT-00529,2026-09-08T18:00:00,HUB-SP-01,HUB-RJ-01,RTA-SP-01-RJ-01-CAM,Caminhão,Atlântica Cargo,19.27,297,1932.17,824.01,67.55,2823.73,443.2,7.3,61.69,No prazo,true,Mercado Vale Verde
ENT-00530,2026-09-08T09:30:00,HUB-SP-02,HUB-AM-01,RTA-SP-02-AM-01-BAR,Barco,RioNorte Express,35.51,499,3117.44,675.4,62.37,3855.21,2995.9,163.0,68.96,Atrasada,false,Rede SuperLeste
ENT-00531,2026-09-08T09:15:00,HUB-BA-01,HUB-PE-01,RTA-BA-01-PE-01-CAM,Caminhão,CostaBrava Log,82.31,1399,8101.6,3386.28,181.44,11669.32,885.9,22.8,65.71,Atrasada,false,Mercado Vale Verde
ENT-00532,2026-09-08T13:30:00,HUB-SP-02,HUB-PE-01,RTA-SP-02-PE-01-CAB,Cabotagem,VerdeMar Shipping,58.62,982,3349.99,626.64,58.52,4035.15,2438.9,76.5,72.92,No prazo,true,Rede SuperLeste
ENT-00533,2026-09-08T16:00:00,HUB-SP-02,HUB-PE-01,RTA-SP-02-PE-01-CAB,Cabotagem,VerdeMar Shipping,84.49,1467,5201.97,987.28,34.58,6223.83,2038.1,65.1,79.13,No prazo,true,Construtora Horizonte
ENT-00534,2026-09-08T08:00:00,HUB-SP-02,HUB-AM-01,RTA-SP-02-AM-01-BAR,Barco,RioNorte Express,32.35,522,2660.51,662.37,61.85,3384.73,3171.5,135.3,84.86,No prazo,true,Construtora Horizonte
ENT-00535,2026-09-08T21:45:00,HUB-MT-01,HUB-SP-02,RTA-MT-01-SP-02-CAM,Caminhão,SerraSul Cargas,75.51,952,6540.8,2310.31,263.95,9115.06,1662.3,27.8,61.62,No prazo,true,Rede SuperLeste
ENT-00536,2026-09-08T20:30:00,HUB-DF-01,HUB-SP-01,RTA-DF-01-SP-01-CAM,Caminhão,Atlântica Cargo,28.34,401,2384.74,1035.25,218.27,3638.26,1094.7,14.8,82.1,No prazo,true,Indústria Brisa Alimentos
ENT-00537,2026-09-08T18:45:00,HUB-GO-01,HUB-SP-01,RTA-GO-01-SP-01-FER,Ferrovia,SerraSul Cargas,27.27,388,1554.24,204.08,21.0,1779.32,953.2,29.3,72.29,Atrasada,false,Construtora Horizonte
ENT-00538,2026-09-09T17:00:00,HUB-SP-01,HUB-PR-01,RTA-SP-01-PR-01-CAM,Caminhão,Atlântica Cargo,47.65,791,3713.9,1389.51,75.39,5178.8,436.0,9.9,74.06,Atrasada,false,Rede SuperLeste
ENT-00539,2026-09-09T14:30:00,HUB-AM-01,HUB-MT-01,RTA-AM-01-MT-01-BAL,Balsa,RioNorte Express,28.11,434,2608.56,700.53,50.4,3359.49,2119.5,87.0,61.61,No prazo,true,Indústria Brisa Alimentos
ENT-00540,2026-09-09T16:45:00,HUB-SP-01,HUB-RJ-01,RTA-SP-01-RJ-01-CAM,Caminhão,Atlântica Cargo,36.75,557,3432.02,1240.63,86.98,4759.63,474.8,12.0,80.1,Atrasada,false,Mercado Vale Verde
ENT-00541,2026-09-09T15:15:00,HUB-DF-01,HUB-SP-01,RTA-DF-01-SP-01-CAM,Caminhão,Atlântica Cargo,23.65,360,2529.97,990.34,184.4,3704.71,1008.0,18.3,73.43,No prazo,true,Casa Norte Atacado
ENT-00542,2026-09-09T16:30:00,HUB-SP-01,HUB-RJ-01,RTA-SP-01-RJ-01-CAM,Caminhão,Atlântica Cargo,71.37,1110,7346.14,3201.16,63.27,10610.57,416.4,8.7,81.5,No prazo,true,Rede SuperLeste
ENT-00543,2026-09-09T12:30:00,HUB-GO-01,HUB-SP-01,RTA-GO-01-SP-01-FER,Ferrovia,SerraSul Cargas,30.24,500,1669.66,210.68,18.46,1898.8,986.4,23.0,79.3,No prazo,true,Indústria Brisa Alimentos
ENT-00544,2026-09-09T16:45:00,HUB-SP-02,HUB-AM-01,RTA-SP-02-AM-01-BAR,Barco,RioNorte Express,81.17,1322,6260.52,1324.85,60.88,7646.25,3268.9,137.3,92.84,No prazo,true,Casa Norte Atacado
ENT-00545,2026-09-09T17:30:00,HUB-SP-01,HUB-MG-01,RTA-SP-01-MG-01-CAM,Caminhão,SerraSul Cargas,46.52,673,3676.7,1332.45,81.44,5090.59,544.3,9.3,66.95,No prazo,true,Construtora Horizonte
ENT-00546,2026-09-09T19:15:00,HUB-GO-01,HUB-SP-01,RTA-GO-01-SP-01-FER,Ferrovia,SerraSul Cargas,53.32,780,3355.2,519.5,16.89,3891.59,984.5,23.3,69.81,No prazo,true,Rede SuperLeste
ENT-00547,2026-09-10T14:00:00,HUB-DF-01,HUB-SP-01,RTA-DF-01-SP-01-CAM,Caminhão,Atlântica Cargo,25.91,343,2827.74,1066.3,217.8,4111.84,1024.8,18.5,63.59,No prazo,true,Construtora Horizonte
ENT-00548,2026-09-10T14:30:00,HUB-SP-02,HUB-PE-01,RTA-SP-02-PE-01-CAB,Cabotagem,VerdeMar Shipping,49.32,885,3437.97,578.94,44.69,4061.6,2157.4,76.3,72.5,No prazo,true,Mercado Vale Verde
ENT-00549,2026-09-10T09:15:00,HUB-SP-02,HUB-PE-01,RTA-SP-02-PE-01-CAB,Cabotagem,VerdeMar Shipping,77.69,933,4106.58,754.19,41.85,4902.62,2264.9,65.2,70.19,No prazo,true,Construtora Horizonte
ENT-00550,2026-09-10T17:30:00,HUB-DF-01,HUB-BA-01,RTA-DF-01-BA-01-CAM,Caminhão,Atlântica Cargo,69.03,1104,5486.1,2201.86,258.36,7946.32,1367.7,25.3,73.41,No prazo,true,Construtora Horizonte
ENT-00551,2026-09-10T07:15:00,HUB-SP-01,HUB-RJ-01,RTA-SP-01-RJ-01-CAM,Caminhão,Atlântica Cargo,62.92,922,5275.06,1816.5,79.44,7171.0,419.5,6.8,72.05,No prazo,true,Construtora Horizonte
ENT-00552,2026-09-10T05:30:00,HUB-MT-01,HUB-SP-02,RTA-MT-01-SP-02-CAM,Caminhão,SerraSul Cargas,68.76,1220,6767.2,2326.38,315.65,9409.23,1649.2,30.1,63.34,No prazo,true,Mercado Vale Verde
ENT-00553,2026-09-10T18:00:00,HUB-SP-02,HUB-RS-01,RTA-SP-02-RS-01-CAB,Cabotagem,VerdeMar Shipping,75.07,1300,4678.6,842.53,18.15,5539.28,1109.7,47.1,79.26,No prazo,true,Construtora Horizonte
ENT-00554,2026-09-10T18:15:00,HUB-SP-02,HUB-AM-01,RTA-SP-02-AM-01-BAR,Barco,RioNorte Express,40.52,514,2708.51,574.35,48.71,3331.57,2913.6,113.1,76.51,No prazo,true,Casa Norte Atacado
ENT-00555,2026-09-10T11:15:00,HUB-MT-01,HUB-SP-02,RTA-MT-01-SP-02-CAM,Caminhão,SerraSul Cargas,39.79,483,3660.66,1395.51,251.02,5307.19,1500.0,26.6,59.03,No prazo,true,Construtora Horizonte
ENT-00556,2026-09-10T18:15:00,HUB-MT-01,HUB-SP-02,RTA-MT-01-SP-02-CAM,Caminhão,SerraSul Cargas,51.03,842,4229.43,1633.23,278.2,6140.86,1605.2,24.0,82.9,No prazo,true,Casa Norte Atacado
ENT-00557,2026-09-10T09:30:00,HUB-SP-02,HUB-AM-01,RTA-SP-02-AM-01-BAR,Barco,RioNorte Express,94.94,1523,8012.86,1720.79,57.85,9791.5,3004.7,130.2,89.05,No prazo,true,Construtora Horizonte
ENT-00558,2026-09-11T10:00:00,HUB-RJ-01,HUB-BA-01,RTA-RJ-01-BA-01-CAB,Cabotagem,VerdeMar Shipping,62.12,903,3327.98,608.72,29.94,3966.64,1322.8,46.1,84.44,No prazo,true,Casa Norte Atacado
ENT-00559,2026-09-11T07:30:00,HUB-AM-01,HUB-MT-01,RTA-AM-01-MT-01-BAL,Balsa,RioNorte Express,50.31,784,3993.71,1014.13,42.75,5050.59,2067.0,71.4,75.26,No prazo,true,Casa Norte Atacado
ENT-00560,2026-09-11T15:30:00,HUB-PA-01,HUB-CE-01,RTA-PA-01-CE-01-BAL,Balsa,RioNorte Express,26.24,336,2040.33,515.44,39.04,2594.81,1650.1,53.1,77.82,No prazo,true,Rede SuperLeste
ENT-00561,2026-09-11T05:15:00,HUB-PR-01,HUB-RS-01,RTA-PR-01-RS-01-FER,Ferrovia,SerraSul Cargas,39.65,709,2082.39,263.54,15.11,2361.04,701.7,18.9,77.65,No prazo,true,Farmácia Sol Nascente
ENT-00562,2026-09-11T19:00:00,HUB-MT-01,HUB-SP-02,RTA-MT-01-SP-02-CAM,Caminhão,SerraSul Cargas,64.66,965,7213.9,2913.48,293.86,10421.24,1607.7,35.0,70.54,Atrasada,false,Indústria Brisa Alimentos
ENT-00563,2026-09-11T05:30:00,HUB-SP-01,HUB-PR-01,RTA-SP-01-PR-01-CAM,Caminhão,Atlântica Cargo,43.22,674,4425.07,1926.94,62.55,6414.56,408.9,8.3,66.95,No prazo,true,Rede SuperLeste
ENT-00564,2026-09-11T13:45:00,HUB-AM-01,HUB-MT-01,RTA-AM-01-MT-01-BAL,Balsa,RioNorte Express,41.97,526,3792.52,872.49,39.52,4704.53,1981.1,69.5,82.28,No prazo,true,Rede SuperLeste
ENT-00565,2026-09-11T10:00:00,HUB-BA-01,HUB-PE-01,RTA-BA-01-PE-01-CAM,Caminhão,CostaBrava Log,32.01,421,3225.99,1277.7,163.53,4667.22,910.7,14.4,58.48,No prazo,true,Construtora Horizonte
ENT-00566,2026-09-12T13:45:00,HUB-PE-01,HUB-CE-01,RTA-PE-01-CE-01-CAM,Caminhão,CostaBrava Log,26.54,467,2496.2,918.75,178.97,3593.92,872.9,15.7,66.77,No prazo,true,Casa Norte Atacado
ENT-00567,2026-09-12T06:15:00,HUB-SP-01,HUB-PR-01,RTA-SP-01-PR-01-CAM,Caminhão,Atlântica Cargo,60.94,1076,5478.13,2391.4,62.46,7931.99,381.5,8.6,66.71,No prazo,true,Casa Norte Atacado
ENT-00568,2026-09-12T18:00:00,HUB-SP-02,HUB-AM-01,RTA-SP-02-AM-01-BAR,Barco,RioNorte Express,53.07,779,3456.98,793.2,46.26,4296.44,2855.2,114.2,68.87,No prazo,true,Mercado Vale Verde
ENT-00569,2026-09-12T20:15:00,HUB-SP-02,HUB-PE-01,RTA-SP-02-PE-01-CAB,Cabotagem,VerdeMar Shipping,46.07,570,2837.87,462.8,51.45,3352.12,2299.1,64.1,93.83,No prazo,true,Indústria Brisa Alimentos
ENT-00570,2026-09-13T06:00:00,HUB-MG-01,HUB-GO-01,RTA-MG-01-GO-01-CAM,Caminhão,SerraSul Cargas,52.82,708,4651.66,1633.15,121.82,6406.63,691.6,13.2,64.16,No prazo,true,Farmácia Sol Nascente
ENT-00571,2026-09-13T14:45:00,HUB-SP-02,HUB-AM-01,RTA-SP-02-AM-01-BAR,Barco,RioNorte Express,86.01,1065,6450.73,1384.2,61.58,7896.51,2931.1,146.4,90.4,No prazo,true,Farmácia Sol Nascente
ENT-00572,2026-09-13T15:00:00,HUB-SP-01,HUB-MG-01,RTA-SP-01-MG-01-CAM,Caminhão,SerraSul Cargas,68.38,916,5138.44,1944.76,121.4,7204.6,603.2,14.1,76.44,Atrasada,false,Farmácia Sol Nascente
ENT-00573,2026-09-14T19:15:00,HUB-AM-01,HUB-PA-01,RTA-AM-01-PA-01-BAR,Barco,RioNorte Express,35.53,448,2799.9,584.2,20.96,3405.06,1018.3,32.6,73.5,No prazo,true,Mercado Vale Verde
ENT-00574,2026-09-14T09:15:00,HUB-SP-01,HUB-MG-01,RTA-SP-01-MG-01-CAM,Caminhão,SerraSul Cargas,20.95,267,2011.61,756.34,111.87,2879.82,601.4,9.6,65.74,No prazo,true,Farmácia Sol Nascente
ENT-00575,2026-09-14T11:15:00,HUB-SP-02,HUB-AM-01,RTA-SP-02-AM-01-BAR,Barco,RioNorte Express,47.12,669,3838.95,772.21,57.3,4668.46,2857.0,131.6,87.08,No prazo,true,Rede SuperLeste
ENT-00576,2026-09-14T15:30:00,HUB-AM-01,HUB-MT-01,RTA-AM-01-MT-01-BAL,Balsa,RioNorte Express,70.61,992,6939.43,1748.64,37.33,8725.4,2001.8,79.6,62.68,No prazo,true,Farmácia Sol Nascente
ENT-00577,2026-09-14T15:45:00,HUB-AM-01,HUB-PA-01,RTA-AM-01-PA-01-BAR,Barco,RioNorte Express,28.78,496,2363.89,551.1,23.27,2938.26,1080.1,38.3,71.91,No prazo,true,Mercado Vale Verde
ENT-00578,2026-09-14T16:00:00,HUB-PA-01,HUB-CE-01,RTA-PA-01-CE-01-BAL,Balsa,RioNorte Express,73.35,883,5959.92,1338.26,28.8,7326.98,1475.2,54.7,79.3,No prazo,true,Casa Norte Atacado
ENT-00579,2026-09-14T09:45:00,HUB-SP-02,HUB-PE-01,RTA-SP-02-PE-01-CAB,Cabotagem,VerdeMar Shipping,42.59,567,3022.99,523.18,37.58,3583.75,2139.3,68.0,81.14,No prazo,true,Rede SuperLeste
ENT-00580,2026-09-14T18:00:00,HUB-RJ-01,HUB-BA-01,RTA-RJ-01-BA-01-CAB,Cabotagem,VerdeMar Shipping,29.25,515,2118.26,406.16,27.7,2552.12,1177.2,42.6,84.27,Parcial,false,Casa Norte Atacado
ENT-00581,2026-09-14T11:30:00,HUB-SP-01,HUB-MG-01,RTA-SP-01-MG-01-CAM,Caminhão,SerraSul Cargas,79.92,1340,6951.9,2773.51,119.13,9844.54,555.8,9.2,71.09,No prazo,true,Mercado Vale Verde
ENT-00582,2026-09-14T20:00:00,HUB-AM-01,HUB-PA-01,RTA-AM-01-PA-01-BAR,Barco,RioNorte Express,24.8,415,2067.65,510.13,18.96,2596.74,1072.7,43.0,80.77,No prazo,true,Mercado Vale Verde
ENT-00583,2026-09-14T13:45:00,HUB-GO-01,HUB-SP-01,RTA-GO-01-SP-01-FER,Ferrovia,SerraSul Cargas,78.59,1247,4175.68,573.17,17.27,4766.12,909.4,23.4,73.12,No prazo,true,Rede SuperLeste
ENT-00584,2026-09-15T16:30:00,HUB-DF-01,HUB-BA-01,RTA-DF-01-BA-01-CAM,Caminhão,Atlântica Cargo,31.88,553,2670.88,1021.28,249.02,3941.18,1455.0,21.3,57.59,No prazo,true,Construtora Horizonte
ENT-00585,2026-09-15T20:30:00,HUB-SP-01,HUB-MG-01,RTA-SP-01-MG-01-CAM,Caminhão,SerraSul Cargas,68.36,941,5204.9,2033.37,99.89,7338.16,593.8,8.7,61.87,No prazo,true,Indústria Brisa Alimentos
ENT-00586,2026-09-15T13:15:00,HUB-PA-01,HUB-CE-01,RTA-PA-01-CE-01-BAL,Balsa,RioNorte Express,30.03,402,2035.98,542.7,33.74,2612.42,1678.5,54.7,80.89,No prazo,true,Casa Norte Atacado
ENT-00587,2026-09-15T09:30:00,HUB-SP-01,HUB-MG-01,RTA-SP-01-MG-01-CAM,Caminhão,SerraSul Cargas,42.14,643,3495.12,1442.77,114.08,5051.97,572.3,10.2,74.3,No prazo,true,Casa Norte Atacado
ENT-00588,2026-09-15T09:45:00,HUB-RJ-01,HUB-BA-01,RTA-RJ-01-BA-01-CAB,Cabotagem,VerdeMar Shipping,42.42,597,3084.26,604.83,21.62,3710.71,1343.2,54.1,73.17,No prazo,true,Mercado Vale Verde
ENT-00589,2026-09-15T18:15:00,HUB-SP-02,HUB-RS-01,RTA-SP-02-RS-01-CAB,Cabotagem,VerdeMar Shipping,78.42,1164,5141.1,1000.01,22.16,6163.27,1125.5,46.8,80.03,No prazo,true,Farmácia Sol Nascente
ENT-00590,2026-09-15T18:45:00,HUB-PR-01,HUB-RS-01,RTA-PR-01-RS-01-FER,Ferrovia,SerraSul Cargas,63.73,908,3744.33,473.05,16.53,4233.91,735.2,21.5,70.47,Atrasada,false,Rede SuperLeste
ENT-00591,2026-09-15T17:45:00,HUB-PE-01,HUB-CE-01,RTA-PE-01-CE-01-CAM,Caminhão,CostaBrava Log,69.11,1115,6153.58,2123.35,120.73,8397.66,783.9,14.3,99.5,No prazo,true,Mercado Vale Verde
ENT-00592,2026-09-15T10:00:00,HUB-SP-01,HUB-PR-01,RTA-SP-01-PR-01-CAM,Caminhão,Atlântica Cargo,22.27,318,2390.16,962.53,69.05,3421.74,416.1,7.0,66.88,No prazo,true,Rede SuperLeste
ENT-00593,2026-09-15T15:45:00,HUB-MT-01,HUB-SP-02,RTA-MT-01-SP-02-CAM,Caminhão,SerraSul Cargas,19.8,261,1742.14,643.99,322.56,2708.69,1774.7,26.6,62.72,No prazo,true,Farmácia Sol Nascente
ENT-00594,2026-09-15T18:45:00,HUB-SP-02,HUB-PE-01,RTA-SP-02-PE-01-CAB,Cabotagem,VerdeMar Shipping,29.23,444,2145.67,431.19,38.07,2614.93,2234.4,65.2,80.43,No prazo,true,Mercado Vale Verde
ENT-00595,2026-09-16T15:45:00,HUB-MT-01,HUB-SP-02,RTA-MT-01-SP-02-CAM,Caminhão,SerraSul Cargas,38.79,512,3407.31,1486.11,301.47,5194.89,1712.0,27.3,76.54,No prazo,true,Farmácia Sol Nascente
ENT-00596,2026-09-16T10:45:00,HUB-PR-01,HUB-RS-01,RTA-PR-01-RS-01-FER,Ferrovia,SerraSul Cargas,23.71,297,1136.59,176.73,16.64,1329.96,745.0,22.0,67.06,No prazo,true,Mercado Vale Verde
ENT-00597,2026-09-16T14:00:00,HUB-SP-02,HUB-PE-01,RTA-SP-02-PE-01-CAB,Cabotagem,VerdeMar Shipping,68.3,996,4618.15,767.99,47.35,5433.49,2193.3,80.9,96.04,No prazo,true,Rede SuperLeste
ENT-00598,2026-09-16T15:45:00,HUB-PE-01,HUB-CE-01,RTA-PE-01-CE-01-CAM,Caminhão,CostaBrava Log,78.45,1369,5896.92,2223.31,159.07,8279.3,801.8,15.1,76.08,No prazo,true,Farmácia Sol Nascente
ENT-00599,2026-09-16T13:00:00,HUB-SP-02,HUB-PE-01,RTA-SP-02-PE-01-CAB,Cabotagem,VerdeMar Shipping,36.68,449,2461.18,449.87,38.17,2949.22,2035.8,80.4,73.23,No prazo,true,Rede SuperLeste
ENT-00600,2026-09-16T13:15:00,HUB-AM-01,HUB-MT-01,RTA-AM-01-MT-01-BAL,Balsa,RioNorte Express,39.92,658,3404.63,784.9,45.6,4235.13,1932.2,63.4,81.5,No prazo,true,Mercado Vale Verde
ENT-00601,2026-09-16T06:15:00,HUB-MG-01,HUB-GO-01,RTA-MG-01-GO-01-CAM,Caminhão,SerraSul Cargas,58.67,766,4656.79,1889.64,101.25,6647.68,699.2,13.9,69.59,No prazo,true,Farmácia Sol Nascente
ENT-00602,2026-09-16T05:00:00,HUB-BA-01,HUB-PE-01,RTA-BA-01-PE-01-CAM,Caminhão,CostaBrava Log,74.05,1249,7526.65,2853.42,146.34,10526.41,880.5,16.0,80.6,No prazo,true,Farmácia Sol Nascente
ENT-00603,2026-09-16T08:15:00,HUB-RJ-01,HUB-BA-01,RTA-RJ-01-BA-01-CAB,Cabotagem,VerdeMar Shipping,92.27,1314,5848.02,1207.72,21.71,7077.45,1161.2,40.2,82.76,No prazo,true,Rede SuperLeste
ENT-00604,2026-09-16T11:00:00,HUB-SP-02,HUB-PE-01,RTA-SP-02-PE-01-CAB,Cabotagem,VerdeMar Shipping,52.73,666,2959.63,507.04,44.08,3510.75,2167.9,93.8,90.51,Atrasada,false,Indústria Brisa Alimentos
ENT-00605,2026-09-16T20:00:00,HUB-AM-01,HUB-PA-01,RTA-AM-01-PA-01-BAR,Barco,RioNorte Express,21.86,348,1404.92,329.02,16.48,1750.42,903.9,45.3,76.08,Atrasada,false,Rede SuperLeste
ENT-00606,2026-09-17T09:30:00,HUB-RJ-01,HUB-BA-01,RTA-RJ-01-BA-01-CAB,Cabotagem,VerdeMar Shipping,91.76,1414,5607.52,1067.61,22.25,6697.38,1164.5,58.8,76.11,Atrasada,false,Mercado Vale Verde
ENT-00607,2026-09-17T05:15:00,HUB-DF-01,HUB-BA-01,RTA-DF-01-BA-01-CAM,Caminhão,Atlântica Cargo,77.23,1074,6769.9,2706.68,292.21,9768.79,1570.0,23.3,61.48,No prazo,true,Casa Norte Atacado
ENT-00608,2026-09-17T09:45:00,HUB-MT-01,HUB-SP-02,RTA-MT-01-SP-02-CAM,Caminhão,SerraSul Cargas,78.08,1081,8005.92,2783.6,293.86,11083.38,1718.8,30.2,79.67,No prazo,true,Mercado Vale Verde
ENT-00609,2026-09-17T14:00:00,HUB-DF-01,HUB-BA-01,RTA-DF-01-BA-01-CAM,Caminhão,Atlântica Cargo,33.95,555,3589.03,1273.23,268.57,5130.83,1609.5,30.3,71.59,Atrasada,false,Mercado Vale Verde
ENT-00610,2026-09-17T17:30:00,HUB-MG-01,HUB-GO-01,RTA-MG-01-GO-01-CAM,Caminhão,SerraSul Cargas,40.2,540,3833.33,1401.44,147.17,5381.94,760.6,14.6,68.51,No prazo,true,Mercado Vale Verde
ENT-00611,2026-09-17T12:00:00,HUB-PR-01,HUB-RS-01,RTA-PR-01-RS-01-FER,Ferrovia,SerraSul Cargas,21.17,364,1125.21,147.35,11.69,1284.25,663.1,26.0,88.11,Atrasada,false,Farmácia Sol Nascente
ENT-00612,2026-09-17T13:45:00,HUB-PE-01,HUB-CE-01,RTA-PE-01-CE-01-CAM,Caminhão,CostaBrava Log,38.87,634,3076.09,1135.41,136.65,4348.15,775.2,12.3,77.58,No prazo,true,Casa Norte Atacado
ENT-00613,2026-09-17T07:30:00,HUB-SP-01,HUB-PR-01,RTA-SP-01-PR-01-CAM,Caminhão,Atlântica Cargo,42.09,600,4028.74,1543.72,64.54,5637.0,415.8,9.6,80.89,Atrasada,false,Construtora Horizonte
ENT-00614,2026-09-17T20:15:00,HUB-GO-01,HUB-SP-01,RTA-GO-01-SP-01-FER,Ferrovia,SerraSul Cargas,63.3,826,3142.8,457.83,17.59,3618.22,886.5,21.8,75.04,No prazo,true,Mercado Vale Verde
ENT-00615,2026-09-17T07:45:00,HUB-AM-01,HUB-MT-01,RTA-AM-01-MT-01-BAL,Balsa,RioNorte Express,18.28,313,1480.21,356.66,38.8,1875.67,2025.5,71.3,77.57,No prazo,true,Casa Norte Atacado
ENT-00616,2026-09-17T20:30:00,HUB-SP-01,HUB-PR-01,RTA-SP-01-PR-01-CAM,Caminhão,Atlântica Cargo,26.34,463,2822.78,1172.22,77.36,4072.36,390.5,8.1,62.15,No prazo,true,Rede SuperLeste
ENT-00617,2026-09-18T19:15:00,HUB-DF-01,HUB-BA-01,RTA-DF-01-BA-01-CAM,Caminhão,Atlântica Cargo,80.08,1314,8294.45,3333.88,268.74,11897.07,1394.6,19.6,66.8,No prazo,true,Indústria Brisa Alimentos
ENT-00618,2026-09-18T07:15:00,HUB-SP-02,HUB-RS-01,RTA-SP-02-RS-01-CAB,Cabotagem,VerdeMar Shipping,65.26,1042,3346.59,649.31,19.98,4015.88,1047.5,36.9,65.74,No prazo,true,Farmácia Sol Nascente
ENT-00619,2026-09-18T16:15:00,HUB-SP-02,HUB-PE-01,RTA-SP-02-PE-01-CAB,Cabotagem,VerdeMar Shipping,53.59,865,3851.07,725.44,49.09,4625.6,2244.3,92.6,78.32,Atrasada,false,Indústria Brisa Alimentos
ENT-00620,2026-09-18T21:45:00,HUB-PE-01,HUB-CE-01,RTA-PE-01-CE-01-CAM,Caminhão,CostaBrava Log,80.31,1155,7771.87,2659.15,117.03,10548.05,785.3,16.2,50.55,No prazo,true,Rede SuperLeste
ENT-00621,2026-09-18T10:15:00,HUB-SP-02,HUB-AM-01,RTA-SP-02-AM-01-BAR,Barco,RioNorte Express,53.9,703,4108.24,927.0,50.1,5085.34,2967.6,111.6,72.32,No prazo,true,Indústria Brisa Alimentos
ENT-00622,2026-09-18T07:30:00,HUB-SP-01,HUB-PR-01,RTA-SP-01-PR-01-CAM,Caminhão,Atlântica Cargo,76.4,1118,7380.83,2580.2,67.89,10028.92,452.1,6.4,68.45,No prazo,true,Casa Norte Atacado
ENT-00623,2026-09-18T05:45:00,HUB-MT-01,HUB-SP-02,RTA-MT-01-SP-02-CAM,Caminhão,SerraSul Cargas,50.02,802,5360.93,1837.12,281.45,7479.5,1513.7,23.5,75.05,No prazo,true,Construtora Horizonte
ENT-00624,2026-09-19T17:00:00,HUB-AM-01,HUB-MT-01,RTA-AM-01-MT-01-BAL,Balsa,RioNorte Express,49.71,697,4748.69,1310.48,43.07,6102.24,1911.2,100.8,77.68,Atrasada,false,Indústria Brisa Alimentos
ENT-00625,2026-09-19T12:30:00,HUB-DF-01,HUB-SP-01,RTA-DF-01-SP-01-CAM,Caminhão,Atlântica Cargo,72.02,865,7596.57,3265.6,161.16,11023.33,1105.0,16.5,78.93,Parcial,false,Farmácia Sol Nascente
ENT-00626,2026-09-19T16:00:00,HUB-MT-01,HUB-SP-02,RTA-MT-01-SP-02-CAM,Caminhão,SerraSul Cargas,62.14,922,7171.84,3105.17,326.89,10603.9,1614.2,24.7,78.72,No prazo,true,Rede SuperLeste
ENT-00627,2026-09-19T17:30:00,HUB-AM-01,HUB-PA-01,RTA-AM-01-PA-01-BAR,Barco,RioNorte Express,54.93,859,3335.75,738.99,22.98,4097.72,980.0,60.2,99.5,Atrasada,false,Construtora Horizonte
ENT-00628,2026-09-19T19:15:00,HUB-SP-02,HUB-PE-01,RTA-SP-02-PE-01-CAB,Cabotagem,VerdeMar Shipping,31.73,479,2006.59,336.61,50.92,2394.12,2275.6,86.2,66.85,No prazo,true,Farmácia Sol Nascente
ENT-00629,2026-09-20T17:30:00,HUB-GO-01,HUB-SP-01,RTA-GO-01-SP-01-FER,Ferrovia,SerraSul Cargas,62.36,839,3596.07,466.38,20.33,4082.78,849.1,27.0,98.35,No prazo,true,Mercado Vale Verde
ENT-00630,2026-09-20T12:00:00,HUB-PE-01,HUB-CE-01,RTA-PE-01-CE-01-CAM,Caminhão,CostaBrava Log,62.62,1108,6266.92,2520.47,151.31,8938.7,843.3,18.7,74.78,Atrasada,false,Rede SuperLeste
ENT-00631,2026-09-20T08:00:00,HUB-AM-01,HUB-PA-01,RTA-AM-01-PA-01-BAR,Barco,RioNorte Express,90.83,1494,7147.7,1795.1,20.35,8963.15,1043.7,40.4,78.73,No prazo,true,Indústria Brisa Alimentos
ENT-00632,2026-09-21T11:45:00,HUB-SP-01,HUB-PR-01,RTA-SP-01-PR-01-CAM,Caminhão,Atlântica Cargo,67.89,861,7268.81,2884.32,58.71,10211.84,407.4,8.4,77.93,No prazo,true,Farmácia Sol Nascente
ENT-00633,2026-09-21T14:15:00,HUB-SP-02,HUB-AM-01,RTA-SP-02-AM-01-BAR,Barco,RioNorte Express,48.83,784,3875.75,814.75,64.12,4754.62,3345.9,128.7,68.29,No prazo,true,Farmácia Sol Nascente
ENT-00634,2026-09-21T08:30:00,HUB-BA-01,HUB-PE-01,RTA-BA-01-PE-01-CAM,Caminhão,CostaBrava Log,27.88,381,2772.36,957.19,150.06,3879.61,898.3,16.7,68.62,No prazo,true,Rede SuperLeste
ENT-00635,2026-09-21T06:15:00,HUB-MT-01,HUB-SP-02,RTA-MT-01-SP-02-CAM,Caminhão,SerraSul Cargas,60.28,801,4992.22,2091.59,244.13,7327.94,1575.1,39.9,67.38,Atrasada,false,Farmácia Sol Nascente
ENT-00636,2026-09-21T16:45:00,HUB-PE-01,HUB-CE-01,RTA-PE-01-CE-01-CAM,Caminhão,CostaBrava Log,38.04,642,2741.55,1039.78,153.83,3935.16,882.0,12.2,53.91,No prazo,true,Farmácia Sol Nascente
ENT-00637,2026-09-21T14:45:00,HUB-SP-01,HUB-RJ-01,RTA-SP-01-RJ-01-CAM,Caminhão,Atlântica Cargo,66.69,913,6459.21,2268.77,79.46,8807.44,475.0,8.5,75.63,No prazo,true,Rede SuperLeste
ENT-00638,2026-09-21T08:15:00,HUB-SP-02,HUB-PE-01,RTA-SP-02-PE-01-CAB,Cabotagem,VerdeMar Shipping,31.3,506,1777.01,347.72,47.09,2171.82,2152.1,67.2,60.56,No prazo,true,Farmácia Sol Nascente
ENT-00639,2026-09-21T09:45:00,HUB-SP-01,HUB-PR-01,RTA-SP-01-PR-01-CAM,Caminhão,Atlântica Cargo,46.62,794,5022.33,1803.34,66.96,6892.63,453.1,6.4,83.94,No prazo,true,Mercado Vale Verde
ENT-00640,2026-09-21T19:45:00,HUB-SP-01,HUB-RJ-01,RTA-SP-01-RJ-01-CAM,Caminhão,Atlântica Cargo,34.14,509,3428.38,1294.76,88.14,4811.28,454.8,13.0,69.39,Atrasada,false,Indústria Brisa Alimentos
ENT-00641,2026-09-21T08:15:00,HUB-DF-01,HUB-BA-01,RTA-DF-01-BA-01-CAM,Caminhão,Atlântica Cargo,47.82,577,4679.61,2004.3,217.61,6901.52,1358.4,20.4,48.26,No prazo,true,Farmácia Sol Nascente
ENT-00642,2026-09-21T05:45:00,HUB-GO-01,HUB-SP-01,RTA-GO-01-SP-01-FER,Ferrovia,SerraSul Cargas,70.37,1027,3196.33,504.42,20.58,3721.33,920.5,20.2,64.19,No prazo,true,Construtora Horizonte
ENT-00643,2026-09-22T10:00:00,HUB-RJ-01,HUB-BA-01,RTA-RJ-01-BA-01-CAB,Cabotagem,VerdeMar Shipping,61.54,762,4470.07,855.24,28.74,5354.05,1304.9,47.5,81.48,No prazo,true,Construtora Horizonte
ENT-00644,2026-09-22T08:30:00,HUB-PR-01,HUB-RS-01,RTA-PR-01-RS-01-FER,Ferrovia,SerraSul Cargas,44.92,549,1942.44,262.2,16.19,2220.83,734.9,20.2,90.73,No prazo,true,Indústria Brisa Alimentos
ENT-00645,2026-09-22T20:30:00,HUB-SP-01,HUB-PR-01,RTA-SP-01-PR-01-CAM,Caminhão,Atlântica Cargo,29.5,526,2276.52,983.12,90.18,3349.82,431.2,6.8,68.0,No prazo,true,Construtora Horizonte
ENT-00646,2026-09-22T11:15:00,HUB-AM-01,HUB-MT-01,RTA-AM-01-MT-01-BAL,Balsa,RioNorte Express,84.79,1325,7521.6,1644.85,31.64,9198.09,1942.0,79.4,88.71,No prazo,true,Construtora Horizonte
ENT-00647,2026-09-22T09:15:00,HUB-MT-01,HUB-SP-02,RTA-MT-01-SP-02-CAM,Caminhão,SerraSul Cargas,57.65,787,5769.45,2116.03,327.38,8212.86,1716.0,38.2,76.15,Atrasada,false,Casa Norte Atacado
ENT-00648,2026-09-22T09:30:00,HUB-DF-01,HUB-BA-01,RTA-DF-01-BA-01-CAM,Caminhão,Atlântica Cargo,36.05,569,3434.46,1385.94,273.17,5093.57,1510.7,25.2,79.5,No prazo,true,Farmácia Sol Nascente
ENT-00649,2026-09-22T12:30:00,HUB-PA-01,HUB-CE-01,RTA-PA-01-CE-01-BAL,Balsa,RioNorte Express,82.59,1113,7014.91,1686.43,29.04,8730.38,1558.4,70.2,94.71,Atrasada,false,Casa Norte Atacado
ENT-00650,2026-09-22T20:00:00,HUB-SP-01,HUB-MG-01,RTA-SP-01-MG-01-CAM,Caminhão,SerraSul Cargas,83.63,1115,6591.82,2584.09,133.33,9309.24,644.0,10.5,81.46,No prazo,true,Construtora Horizonte
ENT-00651,2026-09-22T17:45:00,HUB-AM-01,HUB-PA-01,RTA-AM-01-PA-01-BAR,Barco,RioNorte Express,64.78,886,3878.67,835.81,21.02,4735.5,954.7,33.0,84.88,No prazo,true,Construtora Horizonte
ENT-00652,2026-09-22T16:15:00,HUB-SP-01,HUB-MG-01,RTA-SP-01-MG-01-CAM,Caminhão,SerraSul Cargas,18.64,281,1624.17,668.94,81.53,2374.64,551.6,8.3,85.78,No prazo,true,Rede SuperLeste
ENT-00653,2026-09-22T07:30:00,HUB-MT-01,HUB-SP-02,RTA-MT-01-SP-02-CAM,Caminhão,SerraSul Cargas,65.35,855,6430.66,2367.79,314.43,9112.88,1798.8,38.9,88.35,Atrasada,false,Farmácia Sol Nascente
ENT-00654,2026-09-23T05:45:00,HUB-MG-01,HUB-GO-01,RTA-MG-01-GO-01-CAM,Caminhão,SerraSul Cargas,60.52,754,5596.25,1958.89,117.89,7673.03,716.3,16.2,64.34,Atrasada,false,Rede SuperLeste
ENT-00655,2026-09-23T16:15:00,HUB-GO-01,HUB-SP-01,RTA-GO-01-SP-01-FER,Ferrovia,SerraSul Cargas,77.01,1145,4719.69,709.96,17.52,5447.17,910.5,39.5,63.26,Atrasada,false,Rede SuperLeste
ENT-00656,2026-09-23T12:15:00,HUB-DF-01,HUB-BA-01,RTA-DF-01-BA-01-CAM,Caminhão,Atlântica Cargo,79.67,1433,6207.13,2387.4,249.33,8843.86,1596.9,36.2,57.79,Atrasada,false,Casa Norte Atacado
ENT-00657,2026-09-23T14:30:00,HUB-AM-01,HUB-PA-01,RTA-AM-01-PA-01-BAR,Barco,RioNorte Express,30.97,437,1951.19,490.4,17.05,2458.64,911.6,57.2,70.68,Atrasada,false,Farmácia Sol Nascente
ENT-00658,2026-09-23T19:45:00,HUB-SP-02,HUB-AM-01,RTA-SP-02-AM-01-BAR,Barco,RioNorte Express,37.12,609,2644.65,659.37,67.76,3371.78,3204.7,134.2,62.67,Atrasada,false,Casa Norte Atacado
ENT-00659,2026-09-23T21:15:00,HUB-AM-01,HUB-PA-01,RTA-AM-01-PA-01-BAR,Barco,RioNorte Express,68.13,951,5544.2,1154.52,18.29,6717.01,971.0,31.7,86.42,No prazo,true,Farmácia Sol Nascente
ENT-00660,2026-09-23T13:00:00,HUB-SP-01,HUB-MG-01,RTA-SP-01-MG-01-CAM,Caminhão,SerraSul Cargas,50.66,655,4441.51,1645.28,106.62,6193.41,609.8,8.7,77.23,No prazo,true,Farmácia Sol Nascente
ENT-00661,2026-09-23T15:00:00,HUB-DF-01,HUB-BA-01,RTA-DF-01-BA-01-CAM,Caminhão,Atlântica Cargo,47.44,609,5024.99,2057.11,234.03,7316.13,1540.0,19.4,69.95,No prazo,true,Mercado Vale Verde
ENT-00662,2026-09-23T17:45:00,HUB-DF-01,HUB-BA-01,RTA-DF-01-BA-01-CAM,Caminhão,Atlântica Cargo,81.54,1448,7565.77,2943.68,310.46,10819.91,1607.9,20.3,75.71,No prazo,true,Mercado Vale Verde
ENT-00663,2026-09-24T20:30:00,HUB-SP-01,HUB-PR-01,RTA-SP-01-PR-01-CAM,Caminhão,Atlântica Cargo,71.11,907,6982.19,2422.43,82.6,9487.22,405.4,6.2,60.03,No prazo,true,Indústria Brisa Alimentos
ENT-00664,2026-09-24T12:45:00,HUB-GO-01,HUB-SP-01,RTA-GO-01-SP-01-FER,Ferrovia,SerraSul Cargas,79.33,1069,3887.15,0.0,19.38,675.09,845.9,23.5,0.0,Cancelada,false,Mercado Vale Verde
ENT-00665,2026-09-24T13:15:00,HUB-PR-01,HUB-RS-01,RTA-PR-01-RS-01-FER,Ferrovia,SerraSul Cargas,81.01,1022,3651.17,569.29,15.92,4236.38,756.9,19.9,80.71,No prazo,true,Mercado Vale Verde
ENT-00666,2026-09-24T20:00:00,HUB-PR-01,HUB-RS-01,RTA-PR-01-RS-01-FER,Ferrovia,SerraSul Cargas,68.2,855,3219.44,477.01,11.79,3708.24,660.4,18.6,81.67,No prazo,true,Construtora Horizonte
ENT-00667,2026-09-24T15:15:00,HUB-PR-01,HUB-RS-01,RTA-PR-01-RS-01-FER,Ferrovia,SerraSul Cargas,24.68,312,1346.32,181.27,16.32,1543.91,704.8,22.1,78.12,No prazo,true,Indústria Brisa Alimentos
ENT-00668,2026-09-24T09:30:00,HUB-PR-01,HUB-RS-01,RTA-PR-01-RS-01-FER,Ferrovia,SerraSul Cargas,90.7,1143,4375.52,597.93,11.4,4984.85,679.4,22.2,78.27,No prazo,true,Indústria Brisa Alimentos
ENT-00669,2026-09-24T11:15:00,HUB-PE-01,HUB-CE-01,RTA-PE-01-CE-01-CAM,Caminhão,CostaBrava Log,42.21,703,3866.85,1399.62,140.86,5407.33,820.6,15.8,74.61,Atrasada,false,Rede SuperLeste
ENT-00670,2026-09-25T11:45:00,HUB-AM-01,HUB-MT-01,RTA-AM-01-MT-01-BAL,Balsa,RioNorte Express,23.02,351,2267.69,517.31,40.88,2825.88,1878.3,80.4,74.9,No prazo,true,Construtora Horizonte
ENT-00671,2026-09-25T21:00:00,HUB-BA-01,HUB-PE-01,RTA-BA-01-PE-01-CAM,Caminhão,CostaBrava Log,77.74,1287,6542.0,2464.84,173.24,9180.08,914.9,15.2,78.13,No prazo,true,Mercado Vale Verde
ENT-00672,2026-09-25T21:00:00,HUB-MT-01,HUB-SP-02,RTA-MT-01-SP-02-CAM,Caminhão,SerraSul Cargas,64.68,826,7028.96,2867.19,295.17,10191.32,1495.8,28.3,77.48,No prazo,true,Mercado Vale Verde
ENT-00673,2026-09-25T21:30:00,HUB-PR-01,HUB-RS-01,RTA-PR-01-RS-01-FER,Ferrovia,SerraSul Cargas,59.94,921,2721.37,343.24,14.58,3079.19,708.6,27.0,76.99,Atrasada,false,Indústria Brisa Alimentos
ENT-00674,2026-09-25T09:30:00,HUB-DF-01,HUB-SP-01,RTA-DF-01-SP-01-CAM,Caminhão,Atlântica Cargo,37.86,515,3608.63,1334.2,181.18,5124.01,953.3,19.4,70.34,Atrasada,false,Casa Norte Atacado
ENT-00675,2026-09-25T09:45:00,HUB-DF-01,HUB-BA-01,RTA-DF-01-BA-01-CAM,Caminhão,Atlântica Cargo,34.68,587,3054.28,1220.15,252.25,4526.68,1478.8,19.4,83.19,No prazo,true,Construtora Horizonte
ENT-00676,2026-09-25T08:45:00,HUB-SP-02,HUB-AM-01,RTA-SP-02-AM-01-BAR,Barco,RioNorte Express,96.61,1522,8009.01,1708.99,51.59,9769.59,2858.5,121.4,85.03,No prazo,true,Rede SuperLeste
ENT-00677,2026-09-25T18:30:00,HUB-SP-02,HUB-AM-01,RTA-SP-02-AM-01-BAR,Barco,RioNorte Express,68.95,1077,4949.12,1035.43,62.69,6047.24,2979.8,125.2,83.68,No prazo,true,Mercado Vale Verde
ENT-00678,2026-09-25T05:30:00,HUB-AM-01,HUB-MT-01,RTA-AM-01-MT-01-BAL,Balsa,RioNorte Express,24.28,317,1809.11,444.01,39.7,2292.82,1818.3,83.9,70.98,No prazo,true,Mercado Vale Verde
ENT-00679,2026-09-25T05:00:00,HUB-DF-01,HUB-SP-01,RTA-DF-01-SP-01-CAM,Caminhão,Atlântica Cargo,72.77,1173,6673.5,2570.81,184.18,9428.49,967.1,14.9,59.18,No prazo,true,Farmácia Sol Nascente
ENT-00680,2026-09-26T05:00:00,HUB-SP-01,HUB-RJ-01,RTA-SP-01-RJ-01-CAM,Caminhão,Atlântica Cargo,73.38,1216,6358.64,2225.15,69.58,8653.37,451.0,6.7,79.31,No prazo,true,Casa Norte Atacado
ENT-00681,2026-09-26T13:00:00,HUB-MT-01,HUB-SP-02,RTA-MT-01-SP-02-CAM,Caminhão,SerraSul Cargas,72.82,1246,7824.69,3339.4,305.81,11469.9,1508.6,24.2,67.37,No prazo,true,Casa Norte Atacado
ENT-00682,2026-09-26T09:30:00,HUB-MG-01,HUB-GO-01,RTA-MG-01-GO-01-CAM,Caminhão,SerraSul Cargas,24.89,342,1954.26,837.71,110.24,2902.21,756.5,14.3,80.62,No prazo,true,Rede SuperLeste
ENT-00683,2026-09-26T07:30:00,HUB-SP-02,HUB-AM-01,RTA-SP-02-AM-01-BAR,Barco,RioNorte Express,91.72,1477,8033.41,1807.92,78.43,9919.76,3277.8,137.3,81.59,No prazo,true,Casa Norte Atacado
ENT-00684,2026-09-26T14:30:00,HUB-AM-01,HUB-PA-01,RTA-AM-01-PA-01-BAR,Barco,RioNorte Express,91.95,1150,6399.07,1384.86,15.88,7799.81,910.1,33.7,99.5,No prazo,true,Indústria Brisa Alimentos
ENT-00685,2026-09-26T09:45:00,HUB-DF-01,HUB-SP-01,RTA-DF-01-SP-01-CAM,Caminhão,Atlântica Cargo,36.16,542,3901.24,1630.23,201.56,5733.03,1003.8,19.0,87.06,Atrasada,false,Farmácia Sol Nascente
ENT-00686,2026-09-27T20:45:00,HUB-MG-01,HUB-GO-01,RTA-MG-01-GO-01-CAM,Caminhão,SerraSul Cargas,25.58,372,2157.65,764.06,157.1,3078.81,788.4,11.2,52.01,No prazo,true,Farmácia Sol Nascente
ENT-00687,2026-09-27T12:45:00,HUB-BA-01,HUB-PE-01,RTA-BA-01-PE-01-CAM,Caminhão,CostaBrava Log,45.73,766,4294.45,1569.03,144.33,6007.81,828.8,16.5,59.88,No prazo,true,Casa Norte Atacado
ENT-00688,2026-09-27T05:30:00,HUB-MT-01,HUB-SP-02,RTA-MT-01-SP-02-CAM,Caminhão,SerraSul Cargas,46.26,715,4878.75,0.0,245.8,1035.31,1704.5,30.1,0.0,Cancelada,false,Construtora Horizonte
ENT-00689,2026-09-27T18:15:00,HUB-PR-01,HUB-RS-01,RTA-PR-01-RS-01-FER,Ferrovia,SerraSul Cargas,30.99,392,1767.93,270.94,13.39,2052.26,782.6,18.2,61.43,No prazo,true,Mercado Vale Verde
ENT-00690,2026-09-27T08:00:00,HUB-MG-01,HUB-GO-01,RTA-MG-01-GO-01-CAM,Caminhão,SerraSul Cargas,21.74,278,1871.82,644.85,175.73,2692.4,823.2,13.7,75.21,No prazo,true,Farmácia Sol Nascente
ENT-00691,2026-09-27T14:45:00,HUB-MG-01,HUB-GO-01,RTA-MG-01-GO-01-CAM,Caminhão,SerraSul Cargas,76.32,929,5833.19,2310.37,148.88,8292.44,734.9,15.8,74.37,Atrasada,false,Farmácia Sol Nascente
ENT-00692,2026-09-28T17:45:00,HUB-PR-01,HUB-RS-01,RTA-PR-01-RS-01-FER,Ferrovia,SerraSul Cargas,70.39,850,3751.62,552.04,11.63,4315.29,669.0,16.2,82.62,No prazo,true,Rede SuperLeste
ENT-00693,2026-09-28T09:15:00,HUB-SP-01,HUB-PR-01,RTA-SP-01-PR-01-CAM,Caminhão,Atlântica Cargo,48.44,788,4152.65,1509.88,84.09,5746.62,398.4,7.6,70.46,No prazo,true,Farmácia Sol Nascente
ENT-00694,2026-09-28T17:45:00,HUB-MT-01,HUB-SP-02,RTA-MT-01-SP-02-CAM,Caminhão,SerraSul Cargas,32.67,428,3604.68,1512.43,305.94,5423.05,1721.4,28.3,74.92,No prazo,true,Mercado Vale Verde
ENT-00695,2026-09-28T11:00:00,HUB-SP-01,HUB-RJ-01,RTA-SP-01-RJ-01-CAM,Caminhão,Atlântica Cargo,42.89,623,3883.53,1615.49,70.42,5569.44,418.8,6.9,71.35,No prazo,true,Indústria Brisa Alimentos
ENT-00696,2026-09-28T06:30:00,HUB-SP-02,HUB-PE-01,RTA-SP-02-PE-01-CAB,Cabotagem,VerdeMar Shipping,36.24,636,2345.37,384.69,50.88,2780.94,2129.7,65.6,83.35,No prazo,true,Casa Norte Atacado
ENT-00697,2026-09-28T18:00:00,HUB-SP-01,HUB-PR-01,RTA-SP-01-PR-01-CAM,Caminhão,Atlântica Cargo,18.57,262,1523.99,630.06,78.58,2232.63,400.4,7.2,84.83,No prazo,true,Construtora Horizonte
ENT-00698,2026-09-28T07:15:00,HUB-RJ-01,HUB-BA-01,RTA-RJ-01-BA-01-CAB,Cabotagem,VerdeMar Shipping,32.27,500,2368.96,414.7,20.58,2804.24,1195.7,48.3,75.71,No prazo,true,Mercado Vale Verde
ENT-00699,2026-09-28T16:45:00,HUB-RJ-01,HUB-BA-01,RTA-RJ-01-BA-01-CAB,Cabotagem,VerdeMar Shipping,71.11,1181,4663.75,908.46,24.24,5596.45,1142.7,69.9,85.45,Atrasada,false,Casa Norte Atacado
ENT-00700,2026-09-28T05:15:00,HUB-DF-01,HUB-SP-01,RTA-DF-01-SP-01-CAM,Caminhão,Atlântica Cargo,69.87,1000,5580.88,1989.46,183.79,7754.13,971.4,17.7,67.51,No prazo,true,Indústria Brisa Alimentos
ENT-00701,2026-09-29T19:30:00,HUB-DF-01,HUB-SP-01,RTA-DF-01-SP-01-CAM,Caminhão,Atlântica Cargo,71.42,1240,5932.46,2195.5,153.37,8281.33,1030.0,16.8,63.55,No prazo,true,Farmácia Sol Nascente
ENT-00702,2026-09-29T18:15:00,HUB-SP-01,HUB-PR-01,RTA-SP-01-PR-01-CAM,Caminhão,Atlântica Cargo,69.13,1012,7441.67,2890.23,77.09,10408.99,453.0,8.6,67.11,No prazo,true,Farmácia Sol Nascente
ENT-00703,2026-09-29T12:00:00,HUB-AM-01,HUB-PA-01,RTA-AM-01-PA-01-BAR,Barco,RioNorte Express,85.79,1519,6139.71,1304.42,22.42,7466.55,974.8,40.8,72.85,No prazo,true,Mercado Vale Verde
ENT-00704,2026-09-29T19:00:00,HUB-DF-01,HUB-SP-01,RTA-DF-01-SP-01-CAM,Caminhão,Atlântica Cargo,37.47,485,3388.09,1307.52,152.22,4847.83,1009.9,14.5,59.58,No prazo,true,Casa Norte Atacado
ENT-00705,2026-09-29T19:00:00,HUB-SP-02,HUB-PE-01,RTA-SP-02-PE-01-CAB,Cabotagem,VerdeMar Shipping,29.05,515,1769.5,291.79,41.2,2102.49,2198.7,89.6,73.07,Atrasada,false,Construtora Horizonte
ENT-00706,2026-09-29T18:45:00,HUB-SP-02,HUB-PE-01,RTA-SP-02-PE-01-CAB,Cabotagem,VerdeMar Shipping,56.91,901,3722.84,666.81,50.86,4440.51,2164.9,64.2,74.21,No prazo,true,Mercado Vale Verde
ENT-00707,2026-09-29T18:15:00,HUB-SP-01,HUB-RJ-01,RTA-SP-01-RJ-01-CAM,Caminhão,Atlântica Cargo,76.16,1349,7603.72,2660.85,67.7,10332.27,454.4,7.3,64.73,No prazo,true,Rede SuperLeste
ENT-00708,2026-09-29T10:45:00,HUB-DF-01,HUB-SP-01,RTA-DF-01-SP-01-CAM,Caminhão,Atlântica Cargo,30.33,373,3329.83,1232.72,175.71,4738.26,1110.0,22.3,75.26,Atrasada,false,Indústria Brisa Alimentos
ENT-00709,2026-09-29T15:00:00,HUB-AM-01,HUB-MT-01,RTA-AM-01-MT-01-BAL,Balsa,RioNorte Express,56.21,952,4204.56,1090.51,40.45,5335.52,1961.1,122.3,86.17,Atrasada,false,Mercado Vale Verde
ENT-00710,2026-09-29T09:45:00,HUB-DF-01,HUB-SP-01,RTA-DF-01-SP-01-CAM,Caminhão,Atlântica Cargo,80.57,1208,8060.36,2957.88,194.65,11212.89,993.1,18.8,81.48,Parcial,false,Rede SuperLeste
ENT-00711,2026-09-29T05:30:00,HUB-SP-01,HUB-PR-01,RTA-SP-01-PR-01-CAM,Caminhão,Atlântica Cargo,24.53,326,2296.81,821.75,78.32,3196.88,457.5,7.2,58.16,Parcial,false,Indústria Brisa Alimentos
ENT-00712,2026-09-30T15:00:00,HUB-SP-02,HUB-AM-01,RTA-SP-02-AM-01-BAR,Barco,RioNorte Express,44.35,750,4002.76,883.7,55.11,4941.57,2929.3,168.7,96.12,Atrasada,false,Mercado Vale Verde
ENT-00713,2026-09-30T08:00:00,HUB-PR-01,HUB-RS-01,RTA-PR-01-RS-01-FER,Ferrovia,SerraSul Cargas,49.45,757,2315.13,345.15,14.5,2674.78,676.3,28.3,68.68,Atrasada,false,Casa Norte Atacado
ENT-00714,2026-09-30T06:30:00,HUB-SP-01,HUB-MG-01,RTA-SP-01-MG-01-CAM,Caminhão,SerraSul Cargas,19.1,336,1816.63,715.3,103.45,2635.38,545.6,10.4,60.55,No prazo,true,Farmácia Sol Nascente
ENT-00715,2026-09-30T17:00:00,HUB-SP-02,HUB-RS-01,RTA-SP-02-RS-01-CAB,Cabotagem,VerdeMar Shipping,80.56,1233,5614.94,998.21,23.18,6636.33,1037.2,47.9,58.84,No prazo,true,Indústria Brisa Alimentos
ENT-00716,2026-09-30T18:00:00,HUB-RJ-01,HUB-BA-01,RTA-RJ-01-BA-01-CAB,Cabotagem,VerdeMar Shipping,59.81,813,4461.31,905.29,26.99,5393.59,1262.1,43.7,82.42,No prazo,true,Casa Norte Atacado
ENT-00717,2026-09-30T17:00:00,HUB-SP-01,HUB-RJ-01,RTA-SP-01-RJ-01-CAM,Caminhão,Atlântica Cargo,70.96,1209,6315.92,2262.29,81.52,8659.73,440.2,8.7,60.63,No prazo,true,Construtora Horizonte
ENT-00718,2026-09-30T09:00:00,HUB-PR-01,HUB-RS-01,RTA-PR-01-RS-01-FER,Ferrovia,SerraSul Cargas,93.08,1334,4413.63,580.59,13.5,5007.72,756.6,18.5,82.88,No prazo,true,Rede SuperLeste
